,Player,Clusters_init_Ten,PER_Ten,DWS_Ten,OWS_Ten,TOV%_Ten,Pos_Ten,Clusters_init_Five,PER_Five,DWS_Five,OWS_Five,TOV%_Five,Pos_Five,Current
0,Aaron Gordon,2,14.99,1.96,1.72,11.34,PF,2,14.9,1.98,1.64,10.74,PF,1
1,Bojan Bogdanović,2,14.15,1.5,2.75,11.28,PF,0,13.16,1.2,2.46,11.2,SF,1
2,Chris Boucher,2,15.53,2.19,3.1,6.19,PF,0,10.84,1.3399999999999999,1.9600000000000002,5.58,PF,1
3,Derrick Jones Jr.,0,14.17,0.95,1.35,9.91,PF,3,14.24,0.9,1.28,9.459999999999999,SF,1
4,Dorian Finney-Smith,2,11.48,1.68,2.59,10.99,PF,3,10.120000000000001,1.3800000000000001,1.4,11.28,PF,1
5,Doug McDermott,0,11.59,0.75,1.73,8.18,PF,4,9.940000000000001,0.72,1.3800000000000001,8.9,SF,1
6,Dāvis Bertāns,0,12.59,1.04,1.77,7.43,PF,3,13.38,1.1199999999999999,2.08,8.440000000000001,PF,1
7,Georges Niang,2,10.27,1.04,1.21,11.84,PF,0,9.08,0.6199999999999999,0.48,12.4,PF,1
8,Giannis Antetokounmpo,2,25.51,3.77,6.26,14.13,PF,2,19.560000000000002,3.22,4.540000000000001,14.959999999999999,SF,1
9,JaMychal Green,0,13.26,1.52,1.32,13.99,PF,3,13.34,1.44,1.32,15.2,PF,1
10,Jabari Parker,0,15.94,0.71,0.78,14.42,PF,3,16.2,1.1199999999999999,1.22,12.040000000000001,PF,1
11,Jerami Grant,2,13.81,1.8,1.82,9.86,PF,2,12.28,2.0,1.64,10.98,PF,1
12,John Collins,2,20.86,1.46,4.16,8.67,PF,2,20.580000000000002,1.5,4.12,10.440000000000001,PF,1
13,Julius Randle,2,15.31,2.28,1.77,15.27,PF,2,12.7,1.58,1.9600000000000002,16.06,PF,1
14,Kristaps Porziņģis,2,23.06,2.21,2.35,8.31,PF,2,19.4,2.2199999999999998,2.1,8.68,PF,1
15,Kyle Anderson,0,13.45,2.27,1.17,13.68,PF,4,12.459999999999999,2.2,0.86,14.14,SF,1
16,Kyle Kuzma,2,13.58,2.2,0.37,20.15,PF,2,13.66,2.2,0.64,11.7,PF,1
17,Lauri Markkanen,0,15.37,43.12,2.07,8.64,PF,2,15.38,1.6600000000000001,1.6800000000000002,8.6,PF,1
18,Marquese Chriss,0,13.14,0.86,0.18,12.85,PF,3,12.780000000000001,0.96,0.18,14.180000000000001,PF,1
19,Maxi Kleber,0,12.0,1.69,1.77,9.96,PF,3,12.34,1.6600000000000001,1.7400000000000002,9.86,PF,1
20,Otto Porter Jr.,0,14.28,1.77,2.2,7.41,PF,1,13.540000000000001,2.18,3.0,8.84,SF,1
21,Pascal Siakam,2,17.9,2.81,3.01,11.5,PF,2,16.06,2.58,2.46,11.6,PF,1
22,Robert Covington,2,13.19,2.42,0.78,11.92,PF,1,13.8,2.42,0.64,12.26,SF,1
23,Solomon Hill,0,7.62,1.07,0.27,13.62,PF,4,8.559999999999999,1.3599999999999999,0.38,16.02,SF,1
24,Stanley Johnson,0,9.14,1.36,0.25,14.73,PF,4,8.879999999999999,1.6,-0.9400000000000001,14.940000000000001,SF,1
25,Taurean Prince,0,11.43,1.41,-0.01,12.29,PF,1,11.14,1.46,-0.22000000000000003,13.98,SF,1
26,Trey Lyles,0,13.27,1.17,0.93,9.79,PF,3,12.940000000000001,1.3800000000000001,0.68,10.78,PF,1
27,A.C. Green,2,15.25,2.86,4.68,12.12,PF,1,14.9,3.1,4.08,13.059999999999999,PF,0
28,Aaron Williams,0,11.81,1.3,1.25,15.12,PF,0,9.0,0.38,0.33999999999999997,15.66,PF,0
29,Al Harrington,2,12.98,1.8,1.14,13.99,PF,3,10.82,1.56,0.13999999999999999,15.580000000000002,PF,0
30,Alan Henderson,0,14.71,1.2,1.32,12.81,PF,3,15.4,1.52,1.86,11.959999999999999,PF,0
31,Amir Johnson,0,16.87,1.54,2.36,16.72,PF,0,17.72,0.9199999999999999,1.24,18.080000000000002,PF,0
32,Anthony Davis,2,26.41,3.45,5.69,8.86,PF,1,26.3,3.54,6.220000000000001,8.48,PF,0
33,Anthony Mason,2,13.8,3.14,3.57,14.55,PF,3,11.52,2.2600000000000002,1.3199999999999998,13.66,PF,0
34,Anthony Tolliver,0,10.85,0.91,1.51,10.41,PF,4,10.24,0.6599999999999999,0.9199999999999999,11.36,SF,0
35,Antoine Carr,0,14.82,1.44,1.73,12.67,PF,3,14.219999999999999,1.24,1.1800000000000002,14.540000000000001,PF,0
36,Antoine Walker,2,16.44,2.98,0.84,13.35,PF,1,17.4,2.82,1.28,13.2,PF,0
37,Antonio Davis,2,14.77,2.54,2.63,13.23,PF,2,14.02,2.7399999999999998,2.38,14.520000000000001,PF,0
38,Antonio McDyess,2,18.1,2.34,2.2,13.18,PF,1,18.54,2.66,2.38,12.76,PF,0
39,Armen Gilliam,2,16.4,2.34,2.67,12.82,PF,1,15.74,2.2,2.42,12.88,PF,0
40,Austin Croshere,0,13.54,1.42,1.21,13.71,PF,3,13.059999999999999,1.3199999999999998,0.9800000000000001,14.780000000000001,PF,0
41,Ben Poquette,0,12.06,1.52,1.5,12.97,PF,2,12.76,1.52,1.8199999999999998,13.26,PF,0
42,Bill Bridges,2,14.82,2.86,2.17,0.0,PF,2,14.440000000000001,2.7,0.8800000000000001,0.0,PF,0
43,Billy Owens,2,13.83,1.76,1.1,15.96,PF,2,15.580000000000002,2.08,1.9,16.28,PF,0
44,Blake Griffin,2,21.16,2.54,5.01,11.76,PF,1,22.88,3.28,6.92,11.5,PF,0
45,Bo Outlaw,2,14.24,2.59,1.92,19.3,PF,2,15.0,2.32,1.8199999999999998,16.26,PF,0
46,Bob Boozer,2,16.16,1.73,4.34,0.0,PF,2,14.62,0.9800000000000001,2.4799999999999995,0.0,PF,0
47,Bob Love,2,14.48,2.63,2.32,0.0,PF,2,13.76,1.6600000000000001,2.4,0.0,PF,0
48,Boris Diaw,2,12.53,1.99,1.8,19.68,PF,2,12.22,1.58,1.8800000000000001,20.36,PF,0
49,Brad Lohaus,0,11.16,1.07,0.43,12.28,PF,3,12.86,1.4600000000000002,0.45999999999999996,13.319999999999999,PF,0
50,Brandan Wright,0,18.88,0.6,1.41,9.35,PF,0,18.880000000000003,0.74,1.52,8.120000000000001,PF,0
51,Brandon Bass,0,13.87,1.78,1.88,11.56,PF,0,13.02,1.0,1.1,12.84,PF,0
52,Brian Cardinal,0,11.78,0.63,0.73,14.86,PF,0,13.559999999999999,0.86,1.3,12.48,PF,0
53,Brian Grant,2,15.24,2.95,2.32,14.62,PF,2,16.1,2.38,2.26,15.2,PF,0
54,Brian Scalabrine,0,6.87,0.83,-0.09,17.78,PF,0,7.9,1.06,-0.18000000000000002,18.72,PF,0
55,Brian Skinner,0,12.11,1.05,0.52,16.38,PF,0,12.440000000000001,0.8400000000000001,0.68,16.46,PF,0
56,Buck Williams,2,16.24,4.08,3.9,16.54,PF,1,16.68,4.82,3.6,17.16,PF,0
57,Carlos Boozer,2,20.23,3.01,3.9,12.85,PF,2,20.68,2.2600000000000002,4.34,12.959999999999999,PF,0
58,Channing Frye,2,13.17,1.62,1.76,10.19,PF,2,13.680000000000001,1.4200000000000002,1.58,10.32,C,0
59,Charles Oakley,2,14.39,3.93,2.02,19.94,PF,1,15.36,3.4,1.6600000000000001,19.94,PF,0
60,Charlie Villanueva,0,15.79,0.98,1.25,8.5,PF,2,16.34,1.3199999999999998,1.86,9.82,PF,0
61,Chris Gatling,0,17.6,1.53,1.55,14.28,PF,3,18.619999999999997,1.44,2.2199999999999998,14.4,PF,0
62,Christian Laettner,2,16.72,2.51,2.81,16.37,PF,1,17.72,3.16,3.44,16.380000000000003,PF,0
63,Cliff Levingston,0,13.69,2.06,2.34,13.48,PF,2,14.26,2.32,2.3,14.679999999999998,PF,0
64,Cliff Robinson,2,16.69,2.49,0.56,12.9,PF,2,17.46,2.7,0.72,12.58,PF,0
65,Corie Blount,0,10.88,1.24,0.39,18.98,PF,0,11.74,1.3,0.5,19.5,PF,0
66,Dale Davis,2,15.53,3.14,3.13,12.19,PF,2,15.180000000000001,3.2,2.9200000000000004,13.059999999999999,PF,0
67,Dan Roundfield,2,18.12,3.46,2.99,14.36,PF,1,19.080000000000002,3.5,3.62,16.0,PF,0
68,Danny Ferry,0,12.03,1.55,1.23,11.94,PF,3,12.819999999999999,1.3199999999999998,0.9399999999999998,12.02,PF,0
69,Danny Fortson,0,14.9,0.58,1.66,18.76,PF,3,18.68,0.8800000000000001,2.2,14.88,PF,0
70,Danny Manning,2,17.28,2.4,2.38,14.57,PF,2,17.18,2.7399999999999998,3.0200000000000005,15.180000000000001,PF,0
71,Dante Cunningham,0,11.37,1.45,1.05,8.23,PF,3,13.16,1.7600000000000002,1.0,7.68,PF,0
72,Dave Greenwood,2,13.31,2.37,2.08,15.69,PF,1,14.959999999999999,3.12,2.7800000000000002,14.719999999999999,PF,0
73,David Lee,2,18.84,2.27,4.47,13.07,PF,0,18.96,2.1399999999999997,5.14,13.419999999999998,C,0
74,David West,2,18.16,2.69,3.49,11.43,PF,2,17.1,2.1,2.6599999999999997,11.98,PF,0
75,Derek Strong,0,12.58,0.91,0.95,13.0,PF,0,12.540000000000001,0.6200000000000001,0.96,12.280000000000001,PF,0
76,Derrick Coleman,2,18.0,2.81,2.4,14.76,PF,1,19.740000000000002,3.6399999999999997,3.54,14.559999999999999,PF,0
77,Derrick Favors,2,18.58,2.57,2.81,12.36,PF,2,17.86,2.3,2.46,13.76,PF,0
78,Detlef Schrempf,2,16.42,2.06,5.09,14.65,PF,1,14.34,1.4,2.78,15.26,SF,0
79,Dirk Nowitzki,2,23.17,3.58,9.1,9.63,PF,1,20.560000000000002,3.0599999999999996,7.5,10.440000000000001,PF,0
80,Draymond Green,2,14.11,3.52,1.74,21.9,PF,2,14.4,4.220000000000001,2.38,17.0,PF,0
81,Drew Gooden,2,16.61,2.26,1.83,12.22,PF,2,16.880000000000003,2.6,2.4200000000000004,12.28,PF,0
82,Dwight Jones,0,13.0,1.45,1.32,10.87,PF,2,13.84,1.52,1.78,15.8,PF,0
83,Ed Davis,0,15.62,1.73,2.46,13.65,PF,3,16.740000000000002,1.7600000000000002,2.6399999999999997,11.1,PF,0
84,Ed Nealy,0,10.05,0.74,0.75,14.68,PF,0,10.18,0.96,1.06,16.28,PF,0
85,Ed Pinckney,0,14.22,1.56,2.26,16.24,PF,3,14.64,1.64,2.38,16.46,PF,0
86,Eduardo Nájera,0,11.89,1.14,1.3,12.73,PF,0,13.26,0.9400000000000001,1.42,11.540000000000001,PF,0
87,Elden Campbell,2,15.65,2.57,1.91,10.9,PF,3,14.52,1.9,1.1199999999999999,10.1,PF,0
88,Elton Brand,2,21.41,2.86,5.42,12.36,PF,1,21.9,2.7,6.2,13.059999999999999,PF,0
89,Ersan İlyasova,0,15.52,1.97,2.22,9.25,PF,3,16.18,2.2,2.52,9.540000000000001,PF,0
90,Fred Roberts,0,12.25,1.09,1.43,16.18,PF,3,11.7,0.8800000000000001,0.9800000000000001,17.68,PF,0
91,Gar Heard,2,12.83,2.82,-0.34,4.39,PF,2,13.0,2.5,-0.66,0.0,PF,0
92,Grant Long,2,13.47,2.65,2.44,15.2,PF,1,13.6,2.7,2.62,16.48,PF,0
93,Greg Anderson,0,12.1,1.7,0.17,17.78,PF,2,12.86,2.16,-0.07999999999999996,15.88,PF,0
94,Greg Foster,0,9.8,0.62,-0.1,14.55,PF,0,11.7,0.45999999999999996,-0.04,14.8,PF,0
95,Happy Hairston,2,16.63,2.2,4.12,0.0,PF,2,15.76,1.08,3.8,0.0,PF,0
96,Harrison Barnes,2,13.58,1.78,2.7,9.21,PF,0,12.56,2.34,2.12,9.16,SF,0
97,Harvey Grant,2,12.27,1.9,1.65,8.59,PF,2,14.1,1.7399999999999998,2.32,8.36,PF,0
98,Horace Grant,2,17.1,3.55,5.21,10.4,PF,1,16.32,3.46,5.18,11.0,PF,0
99,Hot Rod Williams,2,15.9,3.2,2.9,11.69,PF,2,16.7,3.2600000000000002,3.12,11.059999999999999,PF,0
100,J.R. Reid,0,11.96,1.69,0.54,14.64,PF,0,12.459999999999999,1.9799999999999998,0.32,14.24,C,0
101,James Johnson,0,13.92,1.67,0.69,16.94,PF,4,13.24,1.32,-4.4408920985006264e-17,17.759999999999998,SF,0
102,Jared Jeffries,0,9.72,1.0,0.33,17.69,PF,1,10.239999999999998,1.1199999999999999,0.42000000000000004,18.740000000000002,SF,0
103,Jason Maxiell,0,11.98,1.22,0.79,12.69,PF,2,13.780000000000001,1.44,1.48,12.24,C,0
104,Jeff Green,2,13.12,2.11,1.55,11.0,PF,1,13.080000000000002,2.66,1.46,12.14,PF,0
105,Jeff Turner,0,8.06,0.75,0.13,15.9,PF,3,8.24,0.78,-0.06,17.64,PF,0
106,Jermaine O'Neal,2,17.47,3.02,1.57,12.79,PF,3,14.16,1.72,0.54,14.1,PF,0
107,Jim Washington,2,12.35,2.39,1.54,0.0,PF,2,12.76,2.54,0.9800000000000001,0.0,PF,0
108,Joe Graboski,2,12.55,2.53,-0.06,0.0,PF,1,15.024999999999999,2.7800000000000002,0.38,0.0,C,0
109,Joe Smith,2,15.51,1.96,2.79,10.67,PF,1,15.720000000000002,2.04,2.4,11.440000000000001,PF,0
110,John Block,0,15.15,1.72,1.53,0.0,PF,3,15.48,2.18,1.6,0.0,PF,0
111,John Salley,0,12.66,2.36,1.73,17.61,PF,2,13.12,2.92,1.92,17.0,PF,0
112,Johnny Green,2,16.8,1.3,1.81,0.0,PF,2,16.48,1.3,1.8,0.0,PF,0
113,Josh McRoberts,0,13.09,0.92,0.91,16.08,PF,0,14.9,0.8200000000000001,0.8,15.080000000000002,PF,0
114,Josh Smith,2,17.85,3.76,1.13,14.44,PF,2,17.080000000000002,3.22,1.0,15.36,SF,0
115,Juwan Howard,2,15.73,1.97,2.38,13.47,PF,1,16.080000000000002,2.38,2.1399999999999997,13.84,PF,0
116,Kenny Carr,2,13.99,1.92,1.42,17.27,PF,2,13.88,1.78,0.9399999999999998,17.419999999999998,PF,0
117,Kenny Thomas,2,12.22,1.88,1.22,17.24,PF,2,14.080000000000002,2.2800000000000002,1.7399999999999998,15.34,PF,0
118,Kenyon Martin,2,14.48,3.17,1.02,13.02,PF,1,16.2,4.14,1.04,13.459999999999999,PF,0
119,Kermit Washington,0,14.78,1.71,1.91,10.46,PF,0,14.52,1.42,1.06,14.8,PF,0
120,Kevin Love,2,21.48,2.35,5.32,10.78,PF,2,21.32,1.8199999999999998,4.680000000000001,11.14,PF,0
121,Kevin Willis,2,16.2,3.09,2.69,13.3,PF,2,14.819999999999999,2.7800000000000002,2.18,13.88,PF,0
122,Kris Humphries,0,14.79,1.3,1.04,11.82,PF,0,13.059999999999999,0.78,0.019999999999999997,11.120000000000001,PF,0
123,Kurt Rambis,0,13.04,2.21,1.23,21.29,PF,3,12.64,2.3,1.04,23.34,PF,0
124,Kurt Thomas,2,13.37,2.67,1.53,13.65,PF,3,11.22,1.92,0.45999999999999996,15.580000000000002,PF,0
125,LaMarcus Aldridge,2,20.45,2.95,4.99,8.11,PF,1,18.880000000000003,2.78,5.04,8.1,PF,0
126,LaPhonso Ellis,2,14.11,1.72,1.45,12.65,PF,2,15.180000000000001,2.08,1.9600000000000002,12.88,PF,0
127,Lamar Odom,2,16.64,2.79,2.81,16.42,PF,0,16.5,2.34,1.8200000000000003,17.380000000000003,SF,0
128,Larry Johnson,2,15.61,2.25,4.29,12.86,PF,1,15.940000000000001,1.9600000000000002,4.2,13.36,PF,0
129,Larry Nance,2,19.6,3.48,4.9,12.35,PF,1,18.78,3.56,4.26,14.24,PF,0
130,Larry Smith,2,12.81,1.97,1.96,18.86,PF,2,13.6,2.04,2.56,18.0,PF,0
131,Lonnie Shelton,2,13.37,2.56,1.19,14.76,PF,2,15.34,2.82,1.8400000000000003,16.6,PF,0
132,Lou Amundson,0,10.46,0.59,0.08,16.32,PF,0,11.24,0.5800000000000001,0.4800000000000001,14.02,PF,0
133,Loy Vaught,0,13.47,1.84,1.63,10.95,PF,2,14.98,2.18,2.1399999999999997,10.9,PF,0
134,Luc Mbah a Moute,0,10.87,1.88,0.66,12.69,PF,2,11.72,2.2800000000000002,0.9800000000000001,13.440000000000001,PF,0
135,Luis Scola,2,15.85,2.45,2.11,12.36,PF,1,16.82,2.96,3.12,11.98,PF,0
136,Luke Jackson,0,12.45,1.87,0.37,3.01,PF,2,13.280000000000001,2.86,1.0,0.0,PF,0
137,Malik Allen,0,9.78,0.82,-0.17,10.08,PF,0,12.22,1.04,-0.2,9.620000000000001,PF,0
138,Malik Rose,0,14.14,2.05,0.67,17.88,PF,0,14.3,1.64,0.5,18.259999999999998,PF,0
139,Marcus Morris,2,12.62,1.75,1.65,9.3,PF,2,11.26,1.48,1.5399999999999998,9.940000000000001,PF,0
140,Mark Bryant,0,11.16,1.18,1.02,13.48,PF,0,10.379999999999999,1.1400000000000001,0.8,12.4,PF,0
141,Mark Olberding,2,12.64,1.63,2.54,17.36,PF,2,13.180000000000001,1.6600000000000001,2.7800000000000002,18.849999999999998,PF,0
142,Markieff Morris,2,13.15,1.86,0.82,12.62,PF,2,14.219999999999999,2.02,0.9,13.1,PF,0
143,Matt Bonner,0,13.68,1.34,2.22,7.42,PF,3,14.440000000000001,1.42,2.44,8.0,PF,0
144,Matt Bullard,0,12.23,0.64,1.01,9.42,PF,0,12.74,0.74,0.74,10.1,PF,0
145,Maurice Lucas,2,16.44,3.13,2.26,13.63,PF,1,16.68,3.1399999999999997,2.18,16.075,PF,0
146,Michael Beasley,0,15.81,1.32,0.21,12.4,PF,1,14.52,1.7600000000000002,-0.020000000000000018,12.14,SF,0
147,Michael Cage,2,13.96,2.65,2.87,13.51,PF,1,14.6,2.3,2.7800000000000002,14.86,PF,0
148,Mickey Johnson,2,17.16,3.04,2.37,12.4,PF,2,17.5,2.9,2.8,18.05,PF,0
149,Othella Harrington,0,12.58,1.13,1.2,16.62,PF,3,13.180000000000001,1.02,1.16,16.86,PF,0
150,Otis Thorpe,2,16.43,3.04,4.66,15.77,PF,1,16.619999999999997,2.18,4.54,15.48,PF,0
151,Pat Garrity,0,8.68,0.74,1.12,10.14,PF,2,11.7,1.1800000000000002,2.1,9.540000000000001,PF,0
152,Patrick Patterson,0,12.36,1.32,1.73,9.31,PF,3,14.52,1.3,2.3,9.32,PF,0
153,Paul Millsap,2,19.15,3.44,3.88,12.67,PF,2,17.76,2.8600000000000003,3.66,12.959999999999999,PF,0
154,Paul Silas,2,14.55,3.3,2.08,0.0,PF,3,13.580000000000002,2.02,0.72,0.0,PF,0
155,Popeye Jones,0,12.6,1.09,1.11,13.2,PF,2,13.34,1.6,1.5,13.7,PF,0
156,Rasheed Wallace,2,17.28,3.55,3.77,11.48,PF,2,15.98,3.12,3.02,13.059999999999999,PF,0
157,Reggie Evans,0,11.37,1.5,0.53,21.74,PF,3,11.86,1.6599999999999997,0.9400000000000001,21.380000000000003,PF,0
158,Rick Mahorn,2,11.89,3.37,0.83,16.93,PF,2,12.040000000000001,4.119999999999999,0.32,16.919999999999998,PF,0
159,Robert Horry,2,13.42,2.86,1.64,16.61,PF,0,13.3,3.08,1.22,16.240000000000002,SF,0
160,Rudy LaRusso,2,15.31,2.54,3.59,0.0,PF,1,14.86,2.68,3.4,0.0,PF,0
161,Ryan Anderson,0,16.77,1.24,3.47,7.94,PF,3,18.0,1.56,3.94,9.1,PF,0
162,Sam Perkins,2,15.99,2.9,4.21,10.66,PF,1,15.76,2.8600000000000003,3.88,11.040000000000001,PF,0
163,Samaki Walker,0,9.79,1.08,0.33,17.47,PF,0,12.9,1.1800000000000002,0.1,15.3,PF,0
164,Scott Hastings,0,9.38,0.64,0.23,17.03,PF,0,8.74,0.8,0.18,16.919999999999998,PF,0
165,Sean Marks,0,9.78,0.29,-0.03,15.39,PF,0,7.859999999999999,0.26,-0.18,19.919999999999998,PF,0
166,Serge Ibaka,2,17.12,3.19,3.19,10.96,PF,2,18.18,3.46,3.8200000000000003,11.819999999999999,PF,0
167,Shareef Abdur-Rahim,2,19.4,1.93,4.9,13.45,PF,2,19.7,1.64,4.7,13.8,SF,0
168,Shawn Kemp,2,20.45,4.29,3.76,16.65,PF,2,19.68,3.7399999999999998,3.3600000000000003,16.14,PF,0
169,Sidney Green,0,11.7,1.64,0.1,17.12,PF,3,11.66,1.8800000000000001,1.1102230246251566e-17,18.04,PF,0
170,Sidney Wicks,2,15.32,2.03,2.18,8.02,PF,1,18.919999999999998,2.1,3.94,0.0,PF,0
171,Steve Hawes,0,14.06,2.1,1.62,11.41,PF,3,15.419999999999998,2.0799999999999996,1.8,14.3,PF,0
172,Taj Gibson,2,15.54,2.65,2.34,11.85,PF,2,15.080000000000002,3.3200000000000003,1.3599999999999999,12.5,PF,0
173,Terry Cummings,2,19.49,3.59,4.06,10.33,PF,1,20.68,3.7399999999999998,4.88,10.7,PF,0
174,Terry Davis,0,10.03,0.74,0.48,14.03,PF,3,10.879999999999999,0.8800000000000001,0.30000000000000004,13.16,PF,0
175,Terry Mills,0,13.32,1.57,1.78,12.84,PF,2,15.24,1.6,2.2,11.16,PF,0
176,Thaddeus Young,2,16.6,2.39,2.35,10.18,PF,2,16.619999999999997,2.32,2.62,9.98,PF,0
177,Thurl Bailey,2,14.17,2.85,1.29,11.38,PF,1,14.559999999999999,3.22,1.36,11.559999999999999,PF,0
178,Tobias Harris,2,16.8,2.13,3.14,9.44,PF,2,15.919999999999998,1.52,2.2199999999999998,10.5,PF,0
179,Tom Chambers,2,17.05,2.45,3.97,12.88,PF,1,16.060000000000002,1.78,3.1399999999999997,14.38,PF,0
180,Tom Gugliotta,2,16.13,2.64,1.27,14.5,PF,1,16.72,3.3,0.8800000000000001,16.080000000000002,PF,0
181,Tom Hammonds,0,11.11,0.77,0.67,13.1,PF,0,10.72,0.82,0.16,12.26,PF,0
182,Tom Meschery,2,13.09,2.26,2.11,0.0,PF,1,12.959999999999999,2.8200000000000003,1.92,0.0,PF,0
183,Tony Massenburg,0,12.26,0.63,0.63,14.6,PF,3,11.4,0.7,0.74,14.219999999999999,PF,0
184,Tristan Thompson,2,15.41,1.64,2.96,12.1,PF,2,15.16,2.08,3.44,11.64,PF,0
185,Troy Murphy,2,15.0,2.12,2.71,11.26,PF,2,15.14,1.7600000000000002,2.4200000000000004,11.120000000000001,PF,0
186,Truck Robinson,2,14.77,3.72,1.56,11.13,PF,1,16.06,3.3,1.86,14.1,PF,0
187,Tyrone Hill,2,14.43,2.59,2.26,15.2,PF,0,14.280000000000001,2.46,2.32,14.64,C,0
188,Udonis Haslem,2,13.05,2.5,2.29,11.84,PF,2,13.86,2.7600000000000002,2.96,11.7,PF,0
189,Vladimir Radmanović,0,12.33,1.22,1.26,13.27,PF,2,13.62,1.42,1.86,12.26,PF,0
190,Walter McCarty,0,9.06,1.05,0.34,14.81,PF,0,8.66,0.8400000000000001,-0.039999999999999994,16.66,PF,0
191,Wayman Tisdale,2,15.88,1.89,2.54,10.81,PF,1,16.4,2.32,3.18,11.78,PF,0
192,Zach Randolph,2,19.62,1.89,2.97,11.36,PF,2,18.380000000000003,1.44,1.9,11.379999999999999,PF,0
193,Alex Caruso,1,11.43,1.37,0.43,17.28,SG,1,11.24,1.26,0.38,18.080000000000002,PG,1
194,Ben McLemore,3,9.9,0.63,0.39,10.99,SG,3,9.24,0.72,0.17999999999999997,13.280000000000001,SG,1
195,Bogdan Bogdanović,0,15.45,1.23,2.16,8.39,SG,3,15.16,1.22,2.04,10.32,SG,1
196,Bryn Forbes,3,10.98,0.77,1.31,8.19,SG,1,10.18,0.76,1.28,8.16,SG,1
197,Buddy Hield,2,14.74,1.28,1.67,11.09,SG,0,14.84,1.3199999999999998,1.7,10.98,SG,1
198,CJ McCollum,0,16.81,1.27,3.27,9.6,SG,3,15.339999999999998,1.48,2.96,11.22,SG,1
199,Caris LeVert,3,15.38,1.3,0.7,12.08,SG,4,15.059999999999999,1.34,0.6,12.459999999999999,SF,1
200,Damion Lee,1,11.81,4.15,0.87,8.81,SG,1,11.86,0.9400000000000001,0.7,8.7,SG,1
201,Delon Wright,3,15.68,1.59,1.92,13.38,SG,1,16.04,1.42,1.56,13.64,PG,1
202,Dennis Schröder,0,14.16,1.84,0.77,15.75,SG,0,14.080000000000002,1.52,0.5,17.22,PG,1
203,Denzel Valentine,1,10.46,0.92,0.02,11.76,SG,1,10.120000000000001,0.9200000000000002,-0.02,12.040000000000001,SG,1
204,Derrick White,3,15.35,1.34,1.89,11.57,SG,1,15.38,1.28,1.78,11.7,SG,1
205,Devin Booker,2,19.02,4.15,3.17,11.07,SG,0,17.080000000000002,0.74,2.7399999999999998,14.219999999999999,SG,1
206,Donovan Mitchell,2,21.84,2.65,4.94,11.32,SG,0,19.119999999999997,2.88,2.9,11.459999999999999,SG,1
207,Furkan Korkmaz,1,10.8,1.13,0.55,8.55,SG,1,9.98,0.96,0.48,8.28,SG,1
208,Gary Harris,3,11.8,1.06,1.63,10.09,SG,3,12.559999999999999,1.08,2.1,10.780000000000001,SG,1
209,Jordan Clarkson,0,15.81,1.09,1.69,10.44,SG,3,15.52,0.52,1.6,11.16,SG,1
210,Josh Richardson,0,12.4,2.09,1.36,10.95,SG,3,12.34,2.18,1.3800000000000001,11.18,SG,1
211,Kentavious Caldwell-Pope,2,11.85,2.04,1.84,8.75,SG,0,11.8,2.1,1.86,8.1,SG,1
212,Klay Thompson,2,16.47,2.25,3.07,8.89,SG,0,16.26,2.3600000000000003,3.56,10.040000000000001,SG,1
213,Langston Galloway,1,12.22,0.84,0.94,9.72,SG,0,11.459999999999999,1.1400000000000001,0.9800000000000001,6.94,PG,1
214,Luke Kennard,3,12.95,1.13,16.47,9.83,SG,1,12.88,1.16,1.6800000000000002,10.040000000000001,SG,1
215,Malik Beasley,3,12.64,0.78,1.06,8.25,SG,1,12.84,0.64,0.8800000000000001,9.0,SG,1
216,Nik Stauskas,1,8.0,0.47,0.14,17.69,SG,1,7.5,0.5399999999999999,0.18,19.46,SG,1
217,Norman Powell,1,20.29,1.24,1.28,10.97,SG,1,13.180000000000001,1.44,0.96,12.0,SG,1
218,PJ Dozier,1,9.63,0.46,-0.08,12.13,SG,2,8.34,0.4,0.02,13.739999999999998,SG,1
219,Pat Connaughton,1,11.05,1.45,1.66,10.92,SG,1,10.16,1.16,0.8800000000000001,13.26,SG,1
220,Rodney McGruder,1,10.91,0.84,0.44,9.2,SG,1,10.66,0.9800000000000001,0.45999999999999996,9.26,SG,1
221,Seth Curry,3,10.57,0.91,1.86,8.77,SG,1,8.620000000000001,0.5599999999999999,1.1,6.959999999999999,PG,1
222,Sterling Brown,1,9.57,1.1,0.24,11.88,SG,1,9.8,1.06,0.24,11.78,SG,1
223,Terry Rozier,0,14.33,1.8,2.53,9.83,SG,0,11.74,1.7,0.8800000000000001,10.76,PG,1
224,Tim Hardaway Jr.,0,13.63,1.05,1.86,7.6,SG,0,18.8,1.64,5.36,15.180000000000001,SG,1
225,Tomáš Satoranský,3,12.85,1.05,2.11,17.96,SG,3,13.059999999999999,1.1,2.2600000000000002,18.119999999999997,SG,1
226,Tony Snell,3,8.72,0.95,1.1,9.38,SG,3,8.559999999999999,1.1800000000000002,0.86,10.2,SG,1
227,Victor Oladipo,3,16.04,1.76,0.95,13.41,SG,0,16.580000000000002,2.7600000000000002,1.6600000000000001,13.84,SG,1
228,Aaron McKie,0,13.05,2.44,1.31,15.42,SG,3,11.76,2.1,0.62,15.48,SG,0
229,Adrian Smith,0,12.36,0.76,2.43,0.0,SG,3,12.040000000000001,0.96,2.58,0.0,SG,0
230,Alec Burks,1,13.75,0.94,1.06,11.29,SG,1,13.719999999999999,0.62,1.1600000000000001,12.440000000000001,SG,0
231,Allan Houston,2,14.61,2.02,3.13,11.9,SG,0,13.5,2.02,2.08,12.459999999999999,SG,0
232,Alvin Robertson,2,16.78,3.11,2.12,17.5,SG,0,17.880000000000003,3.1799999999999997,2.2600000000000002,16.619999999999997,SG,0
233,Anfernee Hardaway,0,17.82,2.41,3.56,14.42,SG,2,20.02,2.44,5.82,14.559999999999999,PG,0
234,Anthony Peeler,3,13.39,0.93,1.3,10.8,SG,3,13.8,0.8400000000000001,1.16,11.48,SG,0
235,Antonio Daniels,3,14.98,0.94,3.17,13.09,SG,3,14.02,1.4,1.92,14.84,SG,0
236,Arron Afflalo,0,11.78,0.94,2.4,10.27,SG,3,11.66,1.16,2.7199999999999998,10.32,SG,0
237,Austin Carr,0,13.65,1.06,2.23,5.78,SG,3,15.959999999999999,1.3,2.24,0.0,SG,0
238,Austin Rivers,3,9.81,0.91,0.48,11.38,SG,3,10.059999999999999,0.82,0.25999999999999995,11.879999999999999,SG,0
239,Avery Bradley,3,9.96,1.46,0.19,11.92,SG,0,9.3,1.46,-0.14000000000000004,12.940000000000001,PG,0
240,Ben Gordon,0,14.0,1.38,1.91,13.62,SG,0,16.2,2.46,3.22,12.620000000000001,SG,0
241,Bob Sura,3,13.91,1.62,1.22,18.91,SG,3,13.2,1.9600000000000002,0.6599999999999999,20.06,SG,0
242,Bonzi Wells,3,16.53,2.18,0.76,15.38,SG,1,19.3,2.12,1.72,16.0,SF,0
243,Bradley Beal,2,18.01,1.69,3.18,11.07,SG,0,15.5,1.94,2.44,10.52,SG,0
244,Brent Barry,0,15.67,1.65,3.92,16.03,SG,3,14.540000000000001,1.22,2.5200000000000005,15.38,SG,0
245,Bryant Stith,3,12.29,1.09,1.86,12.18,SG,0,13.419999999999998,1.8,2.6399999999999997,12.18,SG,0
246,Byron Scott,2,15.54,2.25,3.91,10.01,SG,0,16.080000000000002,2.3600000000000003,4.26,10.82,SG,0
247,C.J. Miles,1,12.56,1.04,0.88,10.23,SG,1,10.680000000000001,0.86,0.4600000000000001,11.68,SG,0
248,Calbert Cheaney,0,10.37,1.17,0.88,11.67,SG,0,12.8,1.54,1.56,10.82,SG,0
249,Chris Ford,0,12.11,2.08,1.49,7.27,SG,3,12.919999999999998,2.16,1.3,0.0,SG,0
250,Courtney Lee,0,12.24,1.76,2.06,9.83,SG,3,12.08,1.86,1.48,10.22,SG,0
251,Craig Ehlo,3,13.07,1.77,1.19,15.04,SG,2,12.5,0.8,0.24,15.74,SG,0
252,Craig Hodges,3,11.86,1.05,1.69,11.97,SG,3,11.32,1.46,1.94,14.26,SG,0
253,Cuttino Mobley,2,14.35,2.1,3.16,12.22,SG,0,15.459999999999999,1.6,4.1,12.36,SG,0
254,Dahntay Jones,1,9.34,0.74,0.22,13.43,SG,2,8.64,0.5,-0.06000000000000002,13.86,SG,0
255,Dale Ellis,0,16.82,1.24,4.3,9.62,SG,1,16.32,1.1600000000000001,3.6,9.8,SF,0
256,Danny Ainge,0,14.37,2.05,3.33,13.48,SG,3,12.3,2.1,2.1,14.74,SG,0
257,Danny Green,3,13.05,2.51,1.42,11.66,SG,1,13.8,1.6600000000000001,1.3,11.8,SG,0
258,Darrell Griffith,0,14.02,2.08,0.11,11.35,SG,0,15.6,2.0,0.44000000000000006,12.540000000000001,SG,0
259,David Wingate,1,9.69,1.04,-0.07,17.4,SG,1,9.379999999999999,1.04,-0.4,18.34,SG,0
260,DeMar DeRozan,2,17.64,1.84,4.2,9.89,SG,0,14.580000000000002,1.3599999999999999,2.96,9.76,SG,0
261,DeShawn Stevenson,3,8.82,0.55,0.38,13.12,SG,1,8.32,0.5,-0.36,14.14,SG,0
262,Dell Curry,3,16.08,1.35,1.46,10.05,SG,1,15.52,1.2,0.4,9.86,SG,0
263,Derek Anderson,0,14.95,1.56,2.8,13.51,SG,3,16.259999999999998,1.9799999999999998,3.2399999999999998,14.059999999999999,SG,0
264,Dick Barnett,2,15.51,1.61,4.49,0.0,SG,3,15.5,1.4,3.78,0.0,SG,0
265,Dick Snyder,2,14.04,1.22,4.08,0.0,SG,3,13.66,0.96,3.5,0.0,SG,0
266,Dick Van Arsdale,2,14.55,1.47,5.39,0.0,SG,0,13.559999999999999,1.1,4.16,0.0,SG,0
267,Don Chaney,3,10.72,2.23,1.27,3.53,SG,3,10.86,2.46,1.6,0.0,SG,0
268,Don Ohl,2,13.01,1.14,1.89,0.0,SG,0,12.98,1.16,1.7600000000000002,0.0,SG,0
269,Doug Christie,0,13.02,2.04,1.94,18.96,SG,1,10.26,1.3,0.5599999999999999,23.04,SG,0
270,Doug West,3,10.7,0.52,1.18,12.6,SG,3,12.440000000000001,0.52,1.94,12.7,SG,0
271,Dwyane Wade,2,25.3,3.53,6.46,13.97,SG,0,23.740000000000002,3.04,5.36,15.7,SG,0
272,E'Twaun Moore,3,10.97,0.85,0.66,11.25,SG,1,10.459999999999999,0.76,0.21999999999999997,12.040000000000001,SG,0
273,Eddie Jones,2,17.89,3.3,4.82,10.63,SG,0,17.419999999999998,2.9,4.58,10.959999999999999,SG,0
274,Eric Gordon,0,15.16,0.81,2.3,12.45,SG,3,16.419999999999998,0.66,2.3400000000000003,13.24,SG,0
275,Eric Piatkowski,3,14.12,0.41,2.44,11.0,SG,1,15.02,0.26,2.08,11.7,SG,0
276,Evan Fournier,0,13.82,1.28,1.79,11.76,SG,3,13.0,0.9,1.7,12.959999999999999,SG,0
277,Fred Brown,0,17.12,2.02,3.29,4.71,SG,3,16.52,1.7399999999999998,3.2600000000000002,0.0,SG,0
278,Fred Hoiberg,1,12.65,1.04,1.73,11.41,SG,2,11.7,0.6399999999999999,0.64,12.86,SG,0
279,Garrett Temple,1,8.89,1.13,0.26,14.69,SG,2,7.840000000000001,0.74,-0.12,17.66,SG,0
280,Gerald Wilkins,2,13.06,1.88,1.44,12.68,SG,0,14.040000000000001,1.8399999999999999,1.38,13.280000000000001,SG,0
281,Greg Buckner,1,10.29,1.12,0.95,13.27,SG,1,11.3,0.9400000000000001,1.0,12.28,SG,0
282,Hersey Hawkins,2,16.69,2.83,5.41,12.63,SG,0,17.18,2.28,5.36,12.24,SG,0
283,Hubert Davis,3,11.45,0.78,1.95,11.73,SG,1,11.92,1.3,1.8800000000000001,11.34,SG,0
284,Iman Shumpert,1,8.13,1.14,0.15,14.61,SG,3,10.379999999999999,1.6600000000000001,0.26,14.12,SG,0
285,J.J. Redick,3,14.35,1.03,3.13,9.8,SG,1,12.68,1.16,1.94,10.32,SG,0
286,J.R. Smith,0,15.22,1.61,1.9,10.87,SG,3,14.819999999999999,1.2600000000000002,1.6600000000000001,11.879999999999999,SG,0
287,Jamal Crawford,0,14.98,0.87,2.52,13.19,SG,3,14.059999999999999,0.9800000000000001,1.1400000000000001,14.3,PG,0
288,James Harden,2,23.77,3.01,9.18,14.93,SG,0,19.580000000000002,2.4200000000000004,6.88,13.88,SG,0
289,Jaren Jackson,1,9.6,0.87,0.24,12.33,SG,2,10.5,0.16,-0.1,14.780000000000001,SG,0
290,Jason Richardson,2,16.58,1.95,3.52,9.81,SG,0,16.72,1.8199999999999998,3.16,11.120000000000001,SG,0
291,Jeff Hornacek,2,17.23,2.35,5.39,13.88,SG,0,16.16,2.16,4.28,15.540000000000001,SG,0
292,Jeff Malone,2,15.41,1.62,3.26,8.87,SG,0,15.14,1.8399999999999999,3.0,9.28,SG,0
293,Jeff Mullins,2,15.56,2.53,3.43,0.0,SG,3,14.580000000000002,2.2,2.0,0.0,SG,0
294,Jeremy Lamb,1,14.98,1.29,1.39,8.02,SG,1,14.48,1.1400000000000001,0.9800000000000001,8.08,SG,0
295,Jerry Stackhouse,2,16.78,1.4,2.83,15.04,SG,0,15.84,1.1,2.34,16.06,SG,0
296,Jim Barnett,3,14.07,1.71,1.61,0.0,SG,3,13.86,1.8399999999999999,1.1600000000000001,0.0,SG,0
297,Jim Jackson,0,13.86,1.13,1.31,15.14,SG,0,15.2,0.76,1.9599999999999997,14.819999999999999,SG,0
298,Jim Paxson,0,15.15,1.69,3.56,8.43,SG,3,12.98,1.6199999999999999,2.02,11.633333333333333,SG,0
299,Jodie Meeks,1,13.0,0.89,1.54,7.68,SG,3,12.18,1.3,2.2199999999999998,8.040000000000001,SG,0
300,Joe Johnson,2,16.1,1.64,3.85,11.36,SG,0,14.059999999999999,1.4,3.1,11.92,SG,0
301,John Battle,1,13.1,0.56,1.22,11.71,SG,1,13.580000000000002,0.64,1.3,12.78,SG,0
302,John Long,0,14.58,1.51,1.6,11.38,SG,3,14.76,1.3800000000000001,1.52,12.58,SG,0
303,John Mengelt,3,12.59,0.75,2.02,4.33,SG,3,15.559999999999999,0.96,2.7,0.0,SG,0
304,John Salmons,0,11.96,1.55,1.49,14.43,SG,1,10.639999999999999,1.22,0.6599999999999999,16.8,SG,0
305,John Starks,0,14.54,2.73,2.0,13.6,SG,3,14.66,2.5200000000000005,1.8800000000000001,14.7,SG,0
306,Jon Barry,1,14.01,1.02,1.45,17.3,SG,1,12.98,0.8,0.6599999999999999,17.3,SG,0
307,Jon McGlocklin,0,13.2,1.54,3.17,0.0,SG,3,13.280000000000001,1.22,2.7800000000000002,0.0,SG,0
308,Keith Bogans,3,9.01,1.31,0.74,12.34,SG,3,10.440000000000001,1.28,0.78,12.3,SG,0
309,Kendall Gill,2,15.67,2.21,2.26,11.91,SG,0,15.34,2.3,1.8200000000000003,12.5,SG,0
310,Kevin Edwards,3,12.34,1.4,-0.11,14.63,SG,3,13.76,1.86,-0.5,14.24,SG,0
311,Kevin Loughery,0,13.27,1.72,1.2,0.0,SG,3,11.86,1.04,0.6799999999999999,0.0,SG,0
312,Kevin Martin,0,17.1,1.18,4.66,10.64,SG,3,16.759999999999998,1.04,4.78,11.48,SG,0
313,Lance Stephenson,1,10.03,1.54,0.1,18.12,SG,1,9.559999999999999,2.16,0.1,19.52,SG,0
314,Larry Hughes,0,15.34,2.03,0.96,13.07,SG,3,15.24,1.6,0.6,13.86,SG,0
315,Latrell Sprewell,2,15.55,2.16,2.37,13.5,SG,0,15.84,1.8199999999999998,3.66,14.4,SG,0
316,Leandro Barbosa,3,15.1,0.97,2.17,12.24,SG,3,14.959999999999999,1.3,2.94,14.1,SG,0
317,Lucious Harris,3,12.91,0.98,1.52,9.57,SG,1,12.540000000000001,0.5599999999999999,1.1199999999999999,10.82,SG,0
318,Marco Belinelli,3,11.71,0.97,1.36,10.79,SG,1,11.32,0.5599999999999999,1.02,11.18,SG,0
319,Marquis Daniels,1,12.42,1.24,0.4,13.04,SG,1,14.559999999999999,1.26,1.0,13.36,SG,0
320,Matt Carroll,1,8.57,0.49,0.58,12.12,SG,1,10.48,0.7,1.44,14.540000000000001,SG,0
321,Matt Guokas,3,9.45,1.05,1.5,0.0,SG,1,9.3,1.48,1.1,0.0,SG,0
322,Michael Cooper,0,13.49,2.09,2.44,16.92,SG,3,13.76,1.9,1.94,17.080000000000002,SG,0
323,Michael Curry,1,6.41,0.85,0.75,13.72,SG,1,6.5,0.58,0.96,12.0,SG,0
324,Michael Redd,0,17.49,0.79,4.7,7.59,SG,3,16.52,0.76,4.92,6.640000000000001,SG,0
325,Mike Glenn,1,14.53,0.66,1.88,8.75,SG,1,15.48,0.6599999999999999,2.16,9.76,SG,0
326,Mike Newlin,2,15.42,1.19,3.69,6.54,SG,0,15.180000000000001,1.3800000000000001,4.0,0.0,SG,0
327,Mike Woodson,0,14.44,1.62,1.84,11.18,SG,3,16.16,1.7,2.82,11.2,SG,0
328,Monta Ellis,2,16.19,1.63,2.0,13.31,SG,3,15.26,1.22,1.7399999999999998,13.4,SG,0
329,Morris Peterson,0,12.82,1.35,2.21,8.72,SG,0,13.7,1.7,2.6399999999999997,9.5,SF,0
330,Nick Anderson,2,16.33,2.48,2.82,11.03,SG,0,16.119999999999997,2.2600000000000002,2.52,11.22,SG,0
331,Nick Young,3,12.95,0.36,1.36,8.58,SG,3,12.559999999999999,0.4,1.14,10.0,SG,0
332,Otis Birdsong,0,15.87,1.85,3.0,11.57,SG,0,17.52,2.12,4.16,10.6,SG,0
333,Paul Pressey,0,14.75,2.77,2.12,20.17,SG,0,16.04,3.54,2.58,20.06,SF,0
334,Paul Seymour,3,10.33,2.25,1.47,0.0,SG,0,14.466666666666667,2.7,2.6799999999999997,0.0,SG,0
335,Phil Chenier,0,13.15,2.26,1.67,4.98,SG,0,15.719999999999999,3.62,2.7399999999999998,0.0,SG,0
336,Quentin Richardson,0,13.2,1.31,1.72,9.75,SG,3,15.02,1.24,2.34,9.540000000000001,SG,0
337,Quintin Dailey,1,13.58,0.74,0.55,12.34,SG,3,15.0,0.96,0.9,12.42,SG,0
338,Raja Bell,3,10.07,1.13,1.85,11.55,SG,1,8.16,0.86,0.8600000000000001,14.84,SG,0
339,Randy Foye,0,12.21,0.86,1.49,12.79,SG,3,13.0,0.8600000000000001,1.24,13.62,PG,0
340,Randy Smith,2,16.77,1.73,3.8,5.25,SG,0,16.44,1.7399999999999998,3.8,0.0,SG,0
341,Reggie Theus,2,16.77,1.35,4.03,17.4,SG,0,16.82,1.72,4.5200000000000005,17.32,SG,0
342,Rex Chapman,0,14.16,0.81,1.43,10.15,SG,3,13.36,0.54,0.26,10.459999999999999,SG,0
343,Richard Hamilton,2,16.71,2.1,3.7,11.48,SG,0,15.939999999999998,1.6800000000000002,2.84,11.78,SG,0
344,Ricky Davis,0,15.37,1.34,1.5,15.15,SG,1,15.819999999999999,0.74,0.6799999999999999,15.819999999999999,SG,0
345,Ricky Pierce,3,16.62,1.21,4.08,10.92,SG,1,13.98,1.24,3.2399999999999998,11.959999999999999,SG,0
346,Ricky Sobers,0,13.74,1.9,1.08,15.01,SG,0,14.459999999999999,2.1399999999999997,1.78,19.633333333333336,SG,0
347,Roger Mason,1,8.19,0.62,0.65,11.14,SG,1,6.960000000000001,0.74,0.86,11.7,SG,0
348,Rolando Blackman,2,17.33,1.23,5.38,10.31,SG,0,17.94,0.9199999999999999,5.8,10.120000000000001,SG,0
349,Ron Harper,0,16.32,3.05,1.23,13.89,SG,3,17.880000000000003,2.84,1.0799999999999998,13.940000000000001,SG,0
350,Royal Ivey,1,5.88,0.3,0.17,11.31,SG,1,8.66,0.36,0.2,13.679999999999998,PG,0
351,Sasha Pavlović,1,7.37,0.88,-0.23,12.97,SG,1,8.78,1.1,0.0,13.919999999999998,SG,0
352,Sasha Vujačić,1,10.16,0.77,0.81,12.81,SG,1,11.34,1.0,1.24,9.940000000000001,SG,0
353,Shandon Anderson,3,11.13,1.43,0.95,16.02,SG,3,12.919999999999998,1.56,1.72,15.62,SG,0
354,Stacey Augmon,3,13.85,1.97,1.8,14.54,SG,0,15.88,2.54,3.02,13.62,SG,0
355,Steve Smith,2,16.58,1.82,5.29,12.91,SG,0,15.7,1.56,4.2,13.86,SG,0
356,T.R. Dunn,0,10.74,1.82,1.6,13.58,SG,3,11.76,1.48,1.3199999999999998,13.419999999999998,SG,0
357,Terrence Ross,3,12.24,1.46,0.89,8.96,SG,1,11.98,1.52,1.3800000000000001,8.379999999999999,SF,0
358,Terry Teagle,3,13.68,0.71,0.62,11.46,SG,1,13.0,0.5,0.4,12.28,SG,0
359,Thabo Sefolosha,3,11.14,2.23,0.89,14.67,SG,3,10.440000000000001,2.2399999999999998,0.3,15.48,SG,0
360,Tim Legler,1,9.05,0.21,1.0,10.42,SG,2,11.680000000000001,0.13999999999999999,0.8800000000000001,9.6,SG,0
361,Tony Allen,3,14.53,2.13,0.77,16.19,SG,1,13.64,1.6600000000000001,0.45999999999999996,17.619999999999997,SG,0
362,Trent Tucker,3,12.77,1.41,1.75,9.34,SG,3,13.559999999999999,1.6800000000000002,1.8399999999999999,9.379999999999999,SG,0
363,Tyreke Evans,0,16.92,1.34,1.5,14.14,SG,0,17.1,1.3,2.12,14.0,SG,0
364,Vernon Maxwell,0,12.69,1.84,0.66,13.54,SG,0,12.919999999999998,2.4,1.2,13.62,SG,0
365,Vince Carter,2,21.55,2.65,5.73,9.84,SG,0,22.080000000000002,1.98,6.2,9.1,SF,0
366,Vinnie Johnson,0,15.57,1.64,2.62,13.25,SG,3,15.14,1.28,2.8400000000000003,16.54,SG,0
367,Vinny Del Negro,0,13.34,1.34,2.56,11.67,SG,3,13.66,1.48,2.66,12.14,SG,0
368,Voshon Lenard,3,14.05,1.08,1.88,10.02,SG,1,13.959999999999999,1.5,2.1,10.919999999999998,SG,0
369,Walter Davis,0,19.3,2.24,4.0,13.81,SG,0,20.619999999999997,2.7800000000000002,4.74,14.940000000000001,SF,0
370,Wayne Ellington,3,11.06,0.69,1.08,8.27,SG,1,10.4,0.4,0.64,9.82,SG,0
371,Wesley Matthews,2,13.23,1.77,2.99,9.86,SG,0,14.34,1.7,4.18,10.24,SG,0
372,Wesley Person,0,13.62,1.25,2.87,8.74,SG,0,14.440000000000001,1.9,3.3,8.82,SG,0
373,Will Barton,3,13.57,1.29,1.31,11.86,SG,1,13.540000000000001,0.96,0.86,12.16,SG,0
374,Willie Green,3,11.25,0.92,0.31,10.61,SG,1,10.42,0.8800000000000001,-0.64,12.5,SG,0
375,World B. Free,2,18.78,1.09,5.06,8.95,SG,0,18.64,0.96,5.1,12.933333333333332,SG,0
376,Alex Len,3,13.4,1.1,1.0,18.26,C,2,13.52,1.46,0.9800000000000001,16.78,C,1
377,Bam Adebayo,2,21.22,3.34,4.13,15.77,C,0,19.68,3.18,3.9,15.540000000000001,C,1
378,Boban Marjanović,0,20.99,0.56,1.06,12.03,C,3,26.639999999999997,0.74,1.56,12.08,C,1
379,Bobby Portis,3,16.8,1.98,1.66,9.5,C,3,15.819999999999999,1.22,0.9600000000000002,9.92,PF,1
380,Christian Wood,2,19.83,1.62,1.54,11.48,C,0,19.619999999999997,0.6799999999999999,1.1199999999999999,11.080000000000002,PF,1
381,Clint Capela,2,21.15,2.51,4.35,10.03,C,2,20.02,2.2800000000000002,4.0,11.14,C,1
382,Cody Zeller,3,16.47,1.43,2.03,12.81,C,2,15.180000000000001,2.0,2.04,12.78,C,1
383,Damian Jones,0,15.54,0.42,1.06,15.79,C,3,12.02,0.3,0.7,16.36,C,1
384,Daniel Theis,3,14.75,1.72,2.32,11.7,C,2,15.84,1.72,2.24,12.24,C,1
385,Dewayne Dedmon,0,13.88,1.39,1.05,14.3,C,3,11.4,1.4,1.2,13.1,C,1
386,Domantas Sabonis,2,19.55,2.64,3.84,16.08,C,2,17.52,2.7399999999999998,2.78,15.440000000000001,PF,1
387,Dwight Powell,3,19.51,1.51,3.43,12.12,C,2,21.7,1.44,2.94,12.6,C,1
388,Frank Kaminsky,0,17.44,0.86,1.07,8.22,C,2,14.180000000000001,1.3,1.1800000000000002,8.940000000000001,C,1
389,Gorgui Dieng,3,16.83,1.45,1.91,14.18,C,0,15.940000000000001,1.8800000000000001,2.46,15.059999999999999,C,1
390,Ivica Zubac,2,18.74,2.51,3.63,13.9,C,2,18.4,1.3399999999999999,2.44,13.219999999999999,C,1
391,Jakob Poeltl,3,18.33,1.96,3.1,14.58,C,2,17.14,1.7600000000000002,2.62,15.24,C,1
392,Jarrett Allen,2,22.11,2.64,4.64,13.15,C,0,19.96,2.56,4.4,13.319999999999999,C,1
393,Joel Embiid,2,29.49,3.29,5.69,12.86,C,2,25.839999999999996,3.0,3.3200000000000003,14.540000000000001,C,1
394,Jusuf Nurkić,3,19.54,1.86,1.09,15.74,C,2,18.16,2.34,0.9400000000000001,16.04,C,1
395,Karl-Anthony Towns,1,24.86,2.61,6.94,12.72,C,1,25.22,2.7,7.38,12.26,C,1
396,Kelly Olynyk,3,15.86,1.95,1.96,14.5,C,2,16.1,2.02,2.02,14.560000000000002,C,1
397,Kevon Looney,0,14.29,1.36,1.74,12.87,C,3,14.74,0.8200000000000001,1.26,12.14,C,1
398,Khem Birch,0,15.04,1.05,1.63,11.18,C,3,15.12,1.0,1.6,11.239999999999998,C,1
399,Mason Plumlee,2,17.64,2.15,2.76,17.84,C,0,17.84,2.18,2.8600000000000003,16.72,C,1
400,Mike Muscala,0,14.36,0.81,1.05,9.49,C,3,14.24,0.86,1.02,12.52,C,1
401,Montrezl Harrell,3,22.13,1.73,4.52,10.25,C,2,21.02,1.52,3.72,10.78,C,1
402,Myles Turner,2,16.61,2.83,1.92,10.87,C,0,16.66,3.2,2.06,10.620000000000001,C,1
403,Nemanja Bjelica,3,13.51,1.28,1.62,13.9,C,3,13.180000000000001,1.28,1.9600000000000002,12.88,PF,1
404,Nerlens Noel,3,16.78,2.37,1.18,17.29,C,2,17.419999999999998,2.48,0.9,15.780000000000001,C,1
405,Nikola Jokić,1,27.97,3.37,8.51,14.89,C,0,24.68,2.9,6.840000000000001,15.02,C,1
406,Richaun Holmes,3,18.75,1.21,2.73,10.99,C,2,18.46,1.2,2.2600000000000002,10.52,C,1
407,Rudy Gobert,2,21.27,4.26,5.45,16.08,C,0,19.2,3.7199999999999998,3.9800000000000004,18.119999999999997,C,1
408,Steven Adams,2,16.73,2.67,3.6,16.23,C,0,15.580000000000002,2.5,3.4,16.54,C,1
409,Thomas Bryant,0,18.3,0.61,1.97,9.79,C,3,17.46,0.56,1.7600000000000002,9.459999999999999,C,1
410,Tony Bradley,0,18.21,0.69,1.04,13.57,C,3,17.28,0.5800000000000001,0.9200000000000002,12.120000000000001,C,1
411,Willie Cauley-Stein,0,-5.25,1.44,1.75,15.6,C,2,16.84,1.9,2.16,10.5,C,1
412,Willy Hernangómez,0,20.32,0.85,1.51,13.29,C,3,19.880000000000003,0.9,1.4,14.0,C,1
413,Adonal Foyle,3,12.37,1.4,0.31,16.55,C,2,11.74,1.24,-0.28,16.78,C,0
414,Al Horford,1,19.11,3.09,3.96,11.54,C,0,18.16,2.94,3.96,12.459999999999999,C,0
415,Al Jefferson,1,20.39,2.66,3.29,9.15,C,0,19.68,2.2199999999999998,2.6399999999999997,10.940000000000001,C,0
416,Alton Lister,2,13.05,2.82,0.58,17.89,C,0,13.84,3.7399999999999998,0.27999999999999997,22.04,C,0
417,Alvan Adams,1,19.13,3.77,2.69,13.87,C,0,19.839999999999996,3.78,2.82,18.566666666666666,C,0
418,Amar'e Stoudemire,1,21.44,2.56,5.44,11.96,C,0,20.7,2.6,4.7,11.58,C,0
419,Anderson Varejão,3,16.14,2.27,2.07,12.3,C,2,14.559999999999999,2.66,1.8,11.86,C,0
420,Andre Drummond,2,21.55,3.84,2.54,13.74,C,0,21.54,4.18,3.08,11.12,C,0
421,Andrea Bargnani,2,14.19,0.89,0.97,10.2,C,2,13.98,1.3,1.44,10.74,PF,0
422,Andrew Bogut,2,16.33,2.7,1.68,16.09,C,0,17.02,2.5,2.38,15.5,C,0
423,Andrew DeClercq,0,11.46,1.08,0.83,15.67,C,2,12.84,1.3399999999999999,0.9400000000000001,14.559999999999999,C,0
424,Andrew Lang,3,11.68,2.02,0.8,14.72,C,2,12.3,2.02,1.08,15.919999999999998,C,0
425,Andris Biedriņš,3,12.69,1.4,1.69,18.88,C,2,16.580000000000002,1.98,2.9,13.419999999999998,C,0
426,Benoit Benjamin,2,14.74,2.71,0.3,17.85,C,0,15.38,2.96,0.6,18.3,C,0
427,Bill Cartwright,1,15.77,2.29,4.06,17.12,C,1,18.02,3.12,5.82,15.080000000000002,C,0
428,Bill Laimbeer,1,16.59,3.92,4.75,11.86,C,1,16.68,3.02,4.8,13.2,C,0
429,Bill Wennington,0,11.41,1.13,0.59,12.72,C,3,11.06,0.68,0.18,14.88,C,0
430,Bismack Biyombo,3,13.26,1.68,1.08,16.49,C,2,12.819999999999999,1.9600000000000002,1.06,16.759999999999998,C,0
431,Bob Ferry,3,13.11,0.9,1.13,0.0,C,0,14.8,1.2,2.04,0.0,C,0
432,Brad Miller,2,18.38,2.2,4.21,13.42,C,2,19.18,1.7399999999999998,3.6799999999999997,12.6,C,0
433,Brendan Haywood,2,14.99,1.71,2.4,14.34,C,0,14.940000000000001,1.72,2.48,14.38,C,0
434,Brook Lopez,2,21.06,1.77,3.59,10.42,C,0,20.78,1.92,3.96,10.52,C,0
435,Caldwell Jones,1,10.79,3.23,0.46,19.5,C,0,11.36,4.24,0.12,22.55,C,0
436,Calvin Booth,0,11.23,0.52,0.3,12.09,C,3,12.68,0.7,0.45999999999999996,13.24,C,0
437,Charles Jones,3,6.59,1.92,0.36,21.2,C,3,5.0600000000000005,1.9,0.32,16.419999999999998,PF,0
438,Chris Andersen,0,15.27,1.4,1.18,13.42,C,3,14.959999999999999,1.28,0.66,14.419999999999998,C,0
439,Chris Dudley,3,10.6,2.22,-0.12,14.44,C,2,11.219999999999999,1.72,-0.36,15.059999999999999,C,0
440,Chris Kaman,2,14.63,2.13,-0.05,16.9,C,0,13.62,2.7,0.24000000000000005,18.380000000000003,C,0
441,Chris Wilcox,3,14.73,0.95,1.41,14.56,C,2,15.060000000000002,0.96,2.02,13.52,C,0
442,Chuck Hayes,3,11.88,1.72,1.16,16.37,C,3,12.52,2.5,1.2,15.74,PF,0
443,Clemon Johnson,3,12.04,1.69,0.84,16.3,C,2,14.38,2.18,1.1800000000000002,17.080000000000002,C,0
444,Clifford Ray,2,13.7,3.69,1.96,9.8,C,0,15.9,5.0600000000000005,2.66,0.0,C,0
445,Clyde Lee,2,12.42,2.67,0.41,0.0,C,0,13.280000000000001,3.1,0.09999999999999999,0.0,C,0
446,Connie Dierking,2,12.76,1.1,0.21,0.0,C,2,11.66,1.06,-0.4,0.0,C,0
447,Dale Schlueter,0,12.11,0.9,1.18,3.58,C,2,13.9,1.1400000000000001,2.16,0.0,C,0
448,Dan Gadzuric,0,11.44,0.97,0.58,14.62,C,2,15.080000000000002,1.3800000000000001,1.26,12.3,C,0
449,Danny Schayes,2,14.29,1.89,2.31,17.14,C,2,12.88,1.52,0.96,19.6,C,0
450,Darko Miličić,0,6.77,1.03,-0.39,20.61,C,3,10.16,1.3800000000000001,-0.5199999999999999,15.66,C,0
451,Darrall Imhoff,2,11.44,1.76,1.18,0.0,C,2,9.36,0.76,-0.1,0.0,C,0
452,Darryl Dawkins,2,15.52,2.66,1.53,15.14,C,2,15.8,2.44,1.3,16.8,C,0
453,Dave Corzine,2,13.56,1.96,1.6,16.65,C,2,13.86,1.7,1.5,18.7,C,0
454,DeAndre Jordan,1,17.7,3.5,4.13,15.62,C,2,15.040000000000001,2.06,1.8800000000000001,17.36,C,0
455,DeMarcus Cousins,2,21.76,2.74,1.78,15.35,C,0,21.56,2.88,1.8199999999999998,15.559999999999999,C,0
456,DeSagana Diop,0,8.41,1.3,0.0,21.64,C,3,7.62,1.1,-0.21999999999999992,19.84,C,0
457,Dennis Awtrey,3,10.18,1.57,0.62,8.2,C,2,12.16,1.9600000000000002,1.1600000000000001,0.0,C,0
458,Duane Causwell,0,11.3,1.15,0.43,18.13,C,2,12.559999999999999,1.6600000000000001,0.86,15.780000000000001,C,0
459,Dwight Howard,1,22.09,5.58,4.74,16.88,C,1,21.18,5.54,4.9,16.919999999999998,C,0
460,Earl Cureton,3,9.82,1.36,0.09,16.6,C,2,10.7,1.5,-0.08000000000000002,16.66,C,0
461,Eddy Curry,3,11.65,0.96,1.2,20.71,C,0,16.0,1.5,1.64,15.76,C,0
462,Emeka Okafor,2,16.65,2.77,1.74,12.52,C,0,17.34,3.2,2.0200000000000005,12.16,C,0
463,Enes Freedom,2,20.68,1.59,3.54,13.55,C,2,18.4,1.3800000000000001,2.7399999999999998,14.580000000000002,C,0
464,Erick Dampier,2,13.35,1.82,1.06,16.82,C,2,11.440000000000001,1.5,-0.27999999999999997,15.76,C,0
465,Ervin Johnson,2,12.51,2.27,1.23,17.96,C,2,13.74,2.6399999999999997,0.8800000000000001,18.14,C,0
466,Felton Spencer,3,10.87,1.29,0.75,17.89,C,2,11.440000000000001,1.7400000000000002,1.28,16.96,C,0
467,Frank Brickowski,3,13.53,1.51,1.24,18.15,C,2,11.76,1.02,0.8,19.7,C,0
468,George Johnson,3,12.38,2.74,0.04,9.31,C,2,12.28,1.8800000000000001,0.64,0.0,C,0
469,Greg Dreiling,0,7.48,0.39,-0.01,19.83,C,3,8.379999999999999,0.32,0.06,22.04,C,0
470,Greg Kite,0,6.23,1.04,-0.42,22.47,C,3,5.72,0.76,-0.54,21.78,C,0
471,Greg Monroe,2,19.49,2.03,2.97,13.35,C,0,19.759999999999998,2.58,3.88,13.52,C,0
472,Greg Ostertag,3,12.91,2.2,1.07,16.36,C,2,13.459999999999999,2.42,1.1,15.319999999999999,C,0
473,Harvey Catchings,3,9.99,2.09,-0.07,16.34,C,3,10.8,1.48,0.020000000000000018,21.0,C,0
474,Hassan Whiteside,3,18.74,2.61,2.59,11.21,C,2,14.540000000000001,2.6399999999999997,2.4,12.725,C,0
475,Herb Williams,1,14.19,2.93,0.17,14.09,C,1,16.34,3.2,0.64,14.88,C,0
476,Ian Mahinmi,0,15.86,1.58,0.78,17.27,C,3,18.94,1.1,0.5599999999999999,15.2,C,0
477,JaVale McGee,0,17.64,1.23,1.33,13.14,C,2,18.4,1.8200000000000003,1.8400000000000003,12.379999999999999,C,0
478,Jamaal Magloire,3,11.77,1.86,0.93,19.34,C,0,15.4,2.52,2.08,16.7,C,0
479,James Donaldson,1,14.45,2.65,2.89,18.11,C,0,15.48,2.3600000000000003,2.44,19.16,C,0
480,James Edwards,2,16.34,1.74,2.56,12.39,C,1,16.64,2.3600000000000003,3.56,11.52,C,0
481,Jarron Collins,0,7.34,0.53,1.04,16.4,C,2,9.959999999999999,0.8,1.86,14.020000000000001,C,0
482,Jason Collins,3,6.07,1.85,0.11,18.53,C,0,8.940000000000001,3.02,0.6799999999999999,16.360000000000003,C,0
483,Jason Smith,0,12.69,0.91,0.5,12.08,C,0,13.1,1.0,0.5599999999999999,12.7,PF,0
484,Jawann Oldham,0,9.34,0.62,-0.18,18.69,C,3,8.8,0.5800000000000001,-0.2,20.0,C,0
485,Jeff Foster,3,15.14,2.24,2.12,14.06,C,2,15.84,2.0,1.48,12.680000000000001,C,0
486,Jerome Whitehead,3,10.92,0.52,1.03,16.0,C,3,10.98,0.38,1.1,18.68,C,0
487,Jim Fox,2,14.8,1.4,2.76,0.0,C,0,14.959999999999999,1.28,2.62,0.0,C,0
488,Joakim Noah,2,17.1,3.3,2.66,17.82,C,0,17.66,3.2600000000000002,3.2,15.439999999999998,C,0
489,Joe Barry Carroll,1,15.38,2.33,1.25,14.9,C,1,17.28,2.6399999999999997,2.66,14.52,C,0
490,Joe Kleine,3,11.0,1.17,0.64,13.61,C,2,11.2,1.3,0.6799999999999999,15.419999999999998,C,0
491,Joe Meriweather,3,12.47,1.52,1.26,14.02,C,0,13.24,1.6600000000000001,1.48,17.466666666666665,C,0
492,Joe Wolf,0,7.92,0.7,-0.36,15.46,C,2,7.74,0.8800000000000001,-0.82,16.36,C,0
493,Joel Anthony,0,10.48,1.02,0.51,17.32,C,2,9.180000000000001,1.6199999999999999,0.78,19.939999999999998,C,0
494,Joel Przybilla,0,10.45,1.43,0.78,27.7,C,3,8.58,1.0,0.44000000000000006,31.500000000000007,C,0
495,Jon Koncak,3,10.08,2.16,0.58,15.02,C,2,11.28,2.1399999999999997,0.8800000000000001,17.48,C,0
496,Jonas Valančiūnas,2,20.97,2.55,4.19,13.21,C,0,19.0,2.5,4.24,13.62,C,0
497,Kelvin Cato,0,13.53,1.63,1.21,14.68,C,2,14.34,1.56,1.56,13.5,C,0
498,Kendrick Perkins,3,12.47,2.36,0.34,23.85,C,2,14.0,1.8,0.31999999999999995,23.56,C,0
499,Kent Benson,2,13.84,2.08,1.3,14.97,C,0,14.62,2.52,1.3800000000000001,16.98,C,0
500,Kevin Duckworth,2,10.12,1.78,0.7,13.89,C,0,12.78,2.2399999999999998,1.7,14.16,C,0
501,Kosta Koufos,3,14.71,1.38,1.35,12.91,C,3,14.0,0.96,1.16,14.080000000000002,C,0
502,Kwame Brown,3,11.86,1.36,0.67,17.32,C,3,12.52,1.56,0.9199999999999999,16.0,PF,0
503,LaSalle Thompson,2,14.26,2.42,0.97,18.71,C,0,15.86,2.7199999999999998,1.7600000000000002,18.14,C,0
504,Larry Foust,2,18.26,2.56,4.73,0.0,C,1,22.075,3.4200000000000004,4.9,0.0,C,0
505,Leroy Ellis,2,13.06,2.07,1.25,0.0,C,0,12.86,1.72,1.02,0.0,C,0
506,Lorenzen Wright,2,13.97,1.84,1.12,12.15,C,0,14.080000000000002,1.3199999999999998,1.42,12.559999999999999,C,0
507,Luc Longley,3,11.14,1.8,-0.04,19.68,C,2,11.7,1.8399999999999999,-0.26,19.9,C,0
508,Manute Bol,3,8.06,1.89,-0.69,20.44,C,2,9.98,2.68,-0.72,18.1,C,0
509,Marc Gasol,1,18.6,3.43,3.95,13.38,C,1,18.14,3.7,4.779999999999999,14.3,C,0
510,Marcin Gortat,2,17.53,2.59,2.92,11.75,C,2,17.94,1.9200000000000004,2.2600000000000002,11.080000000000002,C,0
511,Marcus Camby,2,17.95,3.07,1.52,11.71,C,0,18.240000000000002,2.9,1.92,11.52,C,0
512,Mark Eaton,1,10.95,4.63,-0.37,19.77,C,0,12.040000000000001,4.58,-1.1199999999999999,20.06,C,0
513,Mark West,3,11.25,2.16,1.28,19.2,C,2,9.08,1.44,-0.059999999999999984,20.82,C,0
514,Marreese Speights,3,16.52,1.35,1.22,10.38,C,2,16.44,1.3599999999999999,1.26,10.120000000000001,C,0
515,Matt Geiger,3,13.1,1.43,1.42,14.13,C,2,13.98,1.3,1.64,15.12,C,0
516,Mehmet Okur,2,15.84,2.13,3.34,11.69,C,2,17.82,2.5,4.4799999999999995,11.819999999999999,PF,0
517,Mel Counts,3,13.98,1.7,0.65,0.0,C,2,15.739999999999998,1.8399999999999999,1.06,0.0,C,0
518,Michael Doleac,0,10.51,1.02,0.25,11.76,C,2,10.92,1.16,0.32,10.92,C,0
519,Mike Brown,3,8.85,1.31,0.27,18.58,C,2,10.1,1.46,0.38,18.259999999999998,C,0
520,Mike Gminski,1,16.54,2.38,2.79,12.93,C,2,15.680000000000001,2.12,1.42,15.76,C,0
521,Mikki Moore,0,14.51,0.71,1.16,12.5,C,3,20.2,0.48,0.66,11.379999999999999,C,0
522,Mychal Thompson,1,15.91,2.93,2.31,14.98,C,1,17.22,3.46,2.58,16.48,C,0
523,Nazr Mohammed,3,14.24,1.56,0.9,15.32,C,3,12.52,0.96,0.26,15.84,C,0
524,Nenê,2,9.7,2.36,2.87,21.37,C,2,1.8400000000000012,2.2600000000000002,1.6800000000000002,27.520000000000003,C,0
525,Nick Collison,2,13.44,1.6,2.51,16.0,C,0,14.6,1.48,2.58,13.959999999999999,C,0
526,Nikola Vučević,2,20.26,2.8,2.64,10.16,C,0,18.7,2.4,2.42,11.16,C,0
527,Olden Polynice,2,13.27,2.02,1.8,12.91,C,2,11.92,1.56,1.48,14.26,C,0
528,P.J. Brown,1,14.28,3.67,3.1,12.42,C,1,13.14,3.6799999999999997,2.1399999999999997,12.48,C,0
529,Pat Cummings,3,13.03,1.54,0.69,16.27,C,2,14.0,1.7600000000000002,1.28,15.74,C,0
530,Pau Gasol,1,22.12,3.25,6.57,12.66,C,1,21.419999999999998,3.16,5.459999999999999,13.780000000000001,PF,0
531,Paul Mokeski,0,8.3,1.23,0.06,17.19,C,3,8.120000000000001,1.16,-0.08,19.580000000000002,C,0
532,Pervis Ellison,3,13.03,1.38,0.8,18.97,C,2,15.059999999999999,1.9600000000000002,1.24,15.919999999999998,C,0
533,Raef LaFrentz,3,15.24,1.58,2.34,8.97,C,0,17.44,2.06,3.1399999999999997,8.1,C,0
534,Randy Breuer,3,12.79,1.64,0.47,12.96,C,2,12.86,2.2199999999999998,0.86,14.080000000000002,C,0
535,Rasho Nesterović,2,12.08,2.44,1.25,11.87,C,2,10.5,1.6600000000000001,1.06,11.36,C,0
536,Red Kerr,1,17.19,3.28,2.5,0.0,C,0,17.84,3.16,2.7800000000000002,0.0,C,0
537,Rich Kelley,2,14.63,2.89,1.3,21.45,C,0,17.8,3.2,2.5,23.0,C,0
538,Rik Smits,2,17.66,2.29,2.62,12.14,C,0,16.04,1.72,2.24,11.66,C,0
539,Robin Lopez,2,15.78,1.38,2.64,12.11,C,2,15.440000000000001,0.82,1.9,11.84,C,0
540,Ronny Turiaf,0,12.18,0.86,0.98,19.47,C,2,13.959999999999999,1.1,1.42,15.36,C,0
541,Rony Seikaly,2,14.56,2.43,1.06,17.62,C,0,15.3,2.98,0.72,16.619999999999997,C,0
542,Ryan Hollins,0,10.49,0.42,0.55,21.17,C,3,10.9,0.44000000000000006,0.64,18.82,C,0
543,Sam Bowie,3,14.03,1.81,0.86,16.24,C,2,14.52,1.6800000000000002,1.0,16.240000000000002,C,0
544,Sam Lacey,1,14.79,3.6,1.05,6.7,C,1,14.24,2.92,0.9400000000000001,0.0,C,0
545,Samuel Dalembert,2,15.06,2.93,1.46,17.37,C,0,14.8,2.74,1.4,17.48,C,0
546,Scot Pollard,0,13.2,1.42,1.17,12.55,C,2,15.419999999999998,1.86,2.0,11.58,C,0
547,Scott Williams,0,13.06,1.11,0.91,14.59,C,0,14.38,1.52,0.86,14.940000000000001,PF,0
548,Sean Rooks,3,12.2,0.83,0.73,14.92,C,2,13.74,0.9199999999999999,1.1199999999999999,15.86,C,0
549,Shawn Bradley,2,16.2,2.85,0.82,13.58,C,0,15.26,3.06,-0.78,14.8,C,0
550,Spencer Hawes,2,13.88,1.71,0.56,14.21,C,2,13.860000000000003,1.6199999999999999,0.13999999999999999,14.559999999999999,C,0
551,Steve Johnson,3,11.16,1.46,1.22,25.26,C,2,16.28,1.92,1.92,19.880000000000003,C,0
552,Theo Ratliff,2,14.54,2.64,1.57,16.19,C,0,15.940000000000001,2.8600000000000003,2.2199999999999998,14.680000000000001,C,0
553,Tom Boerwinkle,3,15.55,2.89,0.92,3.18,C,0,15.76,4.16,0.6199999999999999,0.0,C,0
554,Tom McMillen,3,12.27,1.26,1.31,10.31,C,2,12.9,1.2,1.38,13.799999999999999,C,0
555,Tony Battie,2,13.13,1.85,1.41,12.89,C,2,14.719999999999999,1.6800000000000002,1.52,12.540000000000001,C,0
556,Tree Rollins,2,14.59,3.49,1.98,15.91,C,0,16.2,3.44,2.48,15.86,C,0
557,Tyson Chandler,2,15.04,2.92,2.56,18.67,C,0,14.319999999999999,2.82,1.44,19.1,C,0
558,Vin Baker,1,15.58,2.01,2.42,13.88,C,1,18.32,2.82,4.16,12.76,PF,0
559,Vitaly Potapenko,3,11.42,1.12,0.43,16.94,C,2,12.14,1.72,0.32,17.54,C,0
560,Walt Wesley,0,12.9,0.73,0.2,0.0,C,2,13.02,0.72,0.72,0.0,C,0
561,Wayne Cooper,2,13.59,1.96,0.73,13.38,C,2,13.14,1.7,0.52,13.76,C,0
562,Will Perdue,3,13.03,1.67,0.85,18.74,C,3,11.8,1.1800000000000002,0.36,18.56,C,0
563,Zaid Abdul-Aziz,3,14.84,1.16,0.58,1.73,C,2,14.24,1.2,0.07999999999999999,0.0,C,0
564,Zaza Pachulia,3,13.47,1.52,1.53,16.81,C,2,13.6,1.1800000000000002,1.4200000000000002,16.04,C,0
565,Zydrunas Ilgauskas,2,18.83,2.53,3.02,13.26,C,2,18.0,1.78,1.86,13.559999999999999,C,0
566,Alfonzo McKinnie,1,8.54,0.37,0.28,9.79,SF,3,10.219999999999999,0.33999999999999997,0.25999999999999995,10.3,SF,1
567,Andrew Wiggins,2,14.86,1.99,1.55,9.82,SF,2,14.459999999999999,0.9,1.7399999999999998,9.959999999999999,SF,1
568,Brandon Ingram,0,16.71,1.42,2.12,12.64,SF,0,14.74,1.4,1.56,12.9,SF,1
569,Cedi Osman,0,15.18,5.43,0.7,11.31,SF,1,11.36,0.76,0.7,11.52,SF,1
570,Danuel House Jr.,1,9.88,0.69,0.78,9.56,SF,3,11.440000000000001,0.6199999999999999,0.78,9.35,SF,1
571,David Nwaba,1,15.59,0.59,0.8,9.35,SF,3,13.059999999999999,0.58,0.78,9.440000000000001,SF,1
572,DeAndre' Bembry,1,8.94,0.8,-0.39,18.21,SF,4,9.6,0.9,-0.45999999999999996,19.28,SF,1
573,Dillon Brooks,3,14.67,1.15,-0.06,8.22,SF,1,11.26,1.1400000000000001,-0.08,10.48,SF,1
574,Jake Layman,1,9.37,0.44,0.26,10.5,SF,3,9.0,0.45999999999999996,0.27999999999999997,10.28,SF,1
575,James Ennis III,1,13.09,0.87,1.15,11.23,SF,4,12.559999999999999,0.9400000000000001,1.3800000000000001,11.940000000000001,SF,1
576,Jaylen Brown,0,17.17,2.53,1.84,11.4,SF,3,14.839999999999998,2.3,1.44,11.459999999999999,SG,1
577,Jayson Tatum,2,20.67,3.71,4.02,10.34,SF,0,18.759999999999998,3.6399999999999997,3.38,10.379999999999999,SF,1
578,Joe Harris,3,10.4,0.79,1.76,12.84,SF,1,8.959999999999999,0.6799999999999999,1.3800000000000001,15.02,SG,1
579,Joe Ingles,0,12.4,2.29,2.35,17.27,SF,0,12.02,2.68,1.94,18.56,SF,1
580,Josh Jackson,3,11.63,1.03,-1.36,13.78,SF,4,11.6,1.04,-1.4,13.7,SF,1
581,Justin Anderson,1,10.57,0.33,0.23,10.97,SF,3,10.72,0.66,0.27999999999999997,10.040000000000001,SF,1
582,Justin Holiday,0,10.51,1.37,0.5,10.46,SF,1,10.52,0.9600000000000002,0.20000000000000004,11.8,SG,1
583,Justise Winslow,3,9.86,1.46,-0.39,13.96,SF,4,9.879999999999999,1.78,-0.22000000000000003,13.9,SF,1
584,Kelly Oubre Jr.,0,13.26,1.69,0.91,8.62,SF,1,11.86,1.58,0.86,9.86,SF,1
585,OG Anunoby,0,14.12,2.15,1.41,10.76,SF,1,12.64,2.1,1.4200000000000002,11.0,SF,1
586,Reggie Bullock,3,10.08,1.02,1.0,7.97,SF,3,10.040000000000001,0.58,0.72,8.2,SF,1
587,Rodney Hood,3,10.85,1.0,1.13,8.84,SF,3,13.080000000000002,1.46,1.7399999999999998,8.72,SG,1
588,Royce O'Neale,2,9.81,2.71,2.84,15.12,SF,1,9.9,2.5799999999999996,1.6,15.12,SF,1
589,Timothé Luwawu-Cabarrot,1,8.6,0.61,0.17,10.36,SF,4,8.459999999999999,0.6799999999999999,0.08000000000000002,11.16,SF,1
590,Torrey Craig,3,11.41,1.15,1.05,10.25,SF,4,11.24,1.1,1.0,10.4,SF,1
591,Zach LaVine,0,17.51,1.07,2.15,12.95,SF,3,14.7,0.54,1.08,13.419999999999998,SG,1
592,Al-Farouq Aminu,0,11.83,2.02,0.71,14.38,SF,1,12.3,1.8799999999999997,0.4,15.940000000000001,SF,0
593,Andre Iguodala,2,16.53,3.49,3.81,15.2,SF,2,16.759999999999998,3.62,4.5200000000000005,15.440000000000001,SF,0
594,Andrei Kirilenko,0,19.07,3.11,3.7,15.38,SF,0,21.52,3.6799999999999997,4.58,14.84,SF,0
595,Antawn Jamison,2,18.29,1.48,4.92,8.96,SF,0,17.68,0.82,4.24,10.46,SF,0
596,Barry Clemens,3,12.35,1.03,0.72,0.0,SF,4,11.48,1.1199999999999999,2.2204460492503132e-17,0.0,SF,0
597,Bill Hanzlik,3,10.86,1.49,0.99,18.37,SF,1,10.459999999999999,1.4,0.9400000000000001,19.560000000000002,SF,0
598,Bingo Smith,0,14.33,1.63,1.51,1.66,SF,0,14.320000000000002,1.58,0.96,0.0,SF,0
599,Blue Edwards,0,12.43,1.49,0.93,15.33,SF,0,12.819999999999999,2.06,1.6800000000000002,14.919999999999998,SF,0
600,Bobby Simmons,3,9.95,0.76,1.25,10.15,SF,1,13.74,1.1,2.02,10.82,SF,0
601,Bruce Bowen,0,11.26,2.44,0.78,10.03,SF,4,13.7,1.28,0.22000000000000003,10.625,SF,0
602,Bryon Russell,0,12.09,2.13,2.14,12.93,SF,1,11.74,1.8800000000000001,1.64,13.5,SF,0
603,Calvin Natt,0,16.74,1.82,3.86,12.35,SF,2,17.34,2.56,5.220000000000001,13.1,SF,0
604,Carmelo Anthony,2,20.83,2.48,4.78,11.44,SF,2,19.9,2.54,4.64,12.2,SF,0
605,Caron Butler,2,15.6,2.04,2.26,11.98,SF,2,15.38,2.38,2.48,12.280000000000001,SF,0
606,Cazzie Russell,0,15.88,1.65,2.73,0.0,SF,1,15.539999999999997,1.6199999999999999,2.2600000000000002,0.0,SF,0
607,Cedric Ceballos,3,18.11,1.23,2.44,12.41,SF,4,19.3,1.2799999999999998,2.6,11.879999999999999,SF,0
608,Cedric Maxwell,2,16.36,2.43,5.21,18.2,SF,0,18.06,3.0,6.6,18.48,SF,0
609,Charles Smith,3,12.96,2.03,1.82,15.11,SF,0,17.240000000000002,2.98,3.4,11.42,SF,0
610,Chris Mills,0,13.0,1.9,1.88,10.02,SF,2,13.24,3.38,2.88,11.02,SF,0
611,Chris Morris,0,14.78,2.2,1.38,12.48,SF,0,15.34,2.9,1.58,14.02,SF,0
612,Chuck Person,2,14.09,1.92,1.69,12.74,SF,2,15.48,2.1,2.1399999999999997,13.080000000000002,SF,0
613,Chucky Brown,1,11.58,0.87,0.84,10.67,SF,3,11.26,0.72,0.5,10.379999999999999,SF,0
614,Clarence Weatherspoon,2,15.75,2.48,2.45,12.9,SF,2,15.919999999999998,2.38,2.34,12.459999999999999,SF,0
615,Clifford Robinson,2,15.72,3.34,2.58,11.43,SF,2,14.76,3.4,1.28,11.68,PF,0
616,Corey Brewer,0,11.66,1.47,0.45,11.88,SF,1,11.26,1.06,-0.13999999999999999,12.459999999999999,SF,0
617,Corey Maggette,0,17.77,1.32,3.87,14.49,SF,1,16.82,1.0,3.6799999999999997,15.280000000000001,SF,0
618,Corliss Williamson,0,14.74,1.53,1.76,13.46,SF,1,13.5,1.1199999999999999,1.3599999999999999,14.440000000000001,SF,0
619,Damien Wilkins,3,10.64,0.64,0.6,12.28,SF,4,11.84,0.6,0.74,12.3,SF,0
620,Dan Majerle,2,14.42,2.54,3.89,9.86,SF,0,14.98,2.84,4.14,9.219999999999999,SG,0
621,Danilo Gallinari,0,16.51,1.08,3.97,9.01,SF,1,15.419999999999998,1.2,3.56,9.860000000000001,SF,0
622,Danny Granger,0,14.68,2.09,2.75,11.13,SF,0,17.380000000000003,2.7800000000000002,3.84,11.28,SF,0
623,Dave Gambee,3,14.34,1.25,1.94,0.0,SF,4,14.3,1.3,2.0,0.0,SF,0
624,DeMarre Carroll,3,14.16,1.36,1.53,9.88,SF,3,15.1,0.8600000000000001,1.06,10.5,SF,0
625,Dennis Scott,0,13.11,1.19,2.15,8.86,SF,1,14.2,1.1600000000000001,1.98,8.86,SF,0
626,Derrick McKey,2,14.34,2.48,2.98,15.36,SF,0,15.059999999999999,2.04,3.56,14.34,SF,0
627,Desmond Mason,0,11.52,1.06,1.24,13.1,SF,0,13.919999999999998,1.24,3.06,10.6,SF,0
628,Devean George,3,9.95,1.31,0.38,10.98,SF,4,10.76,1.5,0.6,11.68,SF,0
629,Don Kojis,0,14.66,1.55,1.49,0.0,SF,4,14.48,1.42,0.54,0.0,SF,0
630,Donyell Marshall,0,16.67,2.39,2.01,11.54,SF,1,14.639999999999997,1.6,0.44000000000000006,11.4,SF,0
631,Dorell Wright,3,12.16,1.14,1.31,13.33,SF,3,9.84,0.7,0.16,17.1,SF,0
632,Duane Ferrell,1,11.77,0.64,0.92,13.02,SF,4,12.36,0.48,1.2400000000000002,12.040000000000001,SF,0
633,Eddie Johnson,2,16.0,1.66,3.66,12.63,SF,0,15.86,1.86,3.44,14.26,SG,0
634,Eric Williams,3,12.12,1.02,1.27,12.58,SF,4,13.219999999999999,0.33999999999999997,1.1400000000000001,12.2,SF,0
635,Evan Turner,0,11.4,2.06,-0.06,16.41,SF,0,12.14,2.54,-0.42000000000000004,14.819999999999999,SF,0
636,Francisco García,3,11.17,0.89,0.9,11.57,SF,1,12.72,1.1199999999999999,1.16,13.5,SF,0
637,George Lynch,3,13.29,1.99,0.98,14.51,SF,4,14.419999999999998,1.1199999999999999,1.0,14.52,SF,0
638,George McCloud,3,12.19,0.94,1.25,13.92,SF,4,10.34,0.52,0.16,15.940000000000001,SF,0
639,Gerald Green,3,12.48,0.86,0.59,11.85,SF,3,12.2,0.48,0.12000000000000002,13.88,SF,0
640,Gerald Wallace,0,16.22,2.87,2.16,12.89,SF,4,14.36,1.6,0.5599999999999999,12.74,SF,0
641,Glen Rice,2,16.62,1.82,5.29,9.41,SF,2,15.280000000000001,2.2800000000000002,3.7600000000000002,9.28,SF,0
642,Glenn Robinson,2,17.52,1.9,2.03,13.63,SF,2,17.3,1.98,1.7399999999999998,14.220000000000002,SF,0
643,Gordon Hayward,0,16.09,1.82,3.55,11.74,SF,0,15.88,1.4,3.3600000000000003,14.3,SF,0
644,Greg Ballard,2,15.3,2.99,2.41,10.24,SF,0,16.34,3.1,2.7399999999999998,10.74,SF,0
645,Greg Smith,3,9.3,1.37,1.28,1.93,SF,2,12.36,2.3,1.9599999999999997,0.0,PF,0
646,Hedo Türkoğlu,0,14.48,2.47,2.85,12.39,SF,1,13.6,2.3,1.8399999999999999,11.1,SF,0
647,Jack Marin,2,15.1,2.17,3.61,0.0,SF,0,15.559999999999999,2.7399999999999998,3.6799999999999997,0.0,SF,0
648,Jae Crowder,0,12.48,2.26,1.74,9.29,SF,1,13.34,2.08,2.2399999999999998,9.38,SF,0
649,Jalen Rose,2,15.03,1.87,2.06,15.87,SF,1,14.34,1.58,1.22,18.36,SF,0
650,Jamal Mashburn,2,15.45,2.06,2.21,12.41,SF,0,14.319999999999999,1.3800000000000001,1.6,12.32,SF,0
651,James Jones,1,9.91,0.87,1.22,5.92,SF,4,10.6,1.02,1.46,5.779999999999999,SF,0
652,James Posey,0,12.65,2.56,2.3,12.68,SF,0,14.14,2.42,2.8600000000000003,13.12,SF,0
653,Jared Dudley,0,13.01,1.29,2.64,11.64,SF,1,14.34,1.2,3.12,10.459999999999999,SF,0
654,Jerome Kersey,0,15.88,3.05,2.59,12.28,SF,0,16.919999999999998,2.56,2.96,13.059999999999999,SF,0
655,Jimmy Butler,0,20.29,2.7,5.75,9.76,SF,3,16.759999999999998,2.7,4.4,9.84,SG,0
656,John Drew,0,20.75,2.33,4.51,9.02,SF,0,22.46,2.66,6.04,11.8,SF,0
657,John Johnson,2,14.34,1.94,1.4,5.95,SF,2,15.62,2.06,2.16,0.0,SF,0
658,Johnny Newman,0,13.01,1.1,2.46,12.77,SF,1,13.0,1.3599999999999999,2.38,12.88,SF,0
659,Josh Howard,3,15.45,1.7,2.03,9.41,SF,0,17.82,2.7800000000000002,3.9,9.48,SF,0
660,Jud Buechler,1,11.87,0.79,0.63,11.22,SF,3,12.059999999999999,0.6,0.5,11.76,SF,0
661,Junior Bridgeman,0,15.93,1.77,2.58,9.13,SF,0,16.2,1.54,2.7,12.1,SF,0
662,Kawhi Leonard,0,23.27,3.38,4.95,9.41,SF,1,20.080000000000002,3.9,4.4799999999999995,9.22,SF,0
663,Keith Erickson,3,11.7,1.55,0.45,0.0,SF,1,10.580000000000002,1.7,-0.31999999999999995,0.0,SF,0
664,Kelly Tripucka,0,15.72,1.5,2.95,13.95,SF,0,17.6,1.6199999999999999,4.76,12.16,SF,0
665,Ken Norman,0,13.25,1.84,0.87,12.56,SF,0,14.580000000000002,2.3,0.9800000000000001,12.78,SF,0
666,Kent Bazemore,3,10.95,1.71,-0.36,14.56,SF,1,11.440000000000001,1.92,-0.32,14.64,SG,0
667,Kevin Durant,2,25.41,3.48,8.5,12.32,SF,2,22.52,3.3200000000000003,6.76,12.28,SF,0
668,Kevin Gamble,3,12.34,1.1,2.23,12.63,SF,4,11.72,1.08,2.46,16.66,SF,0
669,Kevin Grevey,3,12.26,1.36,1.32,7.9,SF,1,12.620000000000001,1.1400000000000001,1.3,10.566666666666666,SF,0
670,Khris Middleton,0,16.26,2.09,2.97,11.92,SF,1,14.26,1.46,2.1399999999999997,11.280000000000001,SF,0
671,Kiki Vandeweghe,0,17.91,0.64,5.97,9.04,SF,1,18.84,0.5599999999999999,7.18,9.74,PF,0
672,Kyle Korver,0,12.87,1.84,2.56,10.98,SF,0,12.440000000000001,1.72,2.46,11.0,SF,0
673,Lamond Murray,0,13.73,1.14,0.74,13.22,SF,1,13.84,0.9200000000000002,0.72,13.419999999999998,SF,0
674,LeBron James,2,27.81,4.8,10.47,12.21,SF,2,25.14,4.359999999999999,8.559999999999999,11.86,SF,0
675,Luke Walton,1,10.9,0.87,0.53,17.89,SF,4,12.540000000000001,1.1400000000000001,1.06,18.48,SF,0
676,Luol Deng,2,15.64,3.36,2.69,10.57,SF,0,16.080000000000002,3.1599999999999997,2.4400000000000004,10.64,SF,0
677,Mario Elie,0,13.46,1.6,2.96,15.05,SF,1,13.580000000000002,1.3800000000000001,2.6399999999999997,14.419999999999998,SF,0
678,Mark Aguirre,2,19.47,1.83,4.45,11.88,SF,0,20.36,1.3199999999999998,4.58,12.76,SF,0
679,Marques Johnson,2,19.49,2.68,5.3,11.42,SF,2,21.44,3.16,7.2,11.739999999999998,SF,0
680,Martell Webster,3,9.13,0.99,1.47,10.13,SF,4,7.5200000000000005,0.9,1.1199999999999999,8.059999999999999,SF,0
681,Marvin Williams,0,13.39,1.78,2.31,9.78,SF,0,13.580000000000002,1.8,2.7199999999999998,10.5,SF,0
682,Matt Barnes,3,12.88,1.51,1.44,15.67,SF,4,11.4,0.82,0.6,17.14,SF,0
683,Matt Harpring,0,15.06,1.51,2.58,12.08,SF,1,14.780000000000001,1.6800000000000002,2.4200000000000004,11.58,SF,0
684,Maurice Harkless,3,11.05,1.41,0.89,11.97,SF,1,11.82,1.52,0.9800000000000001,12.0,SF,0
685,Metta World Peace,0,17.02,2.95,1.46,12.6,SF,0,15.719999999999999,3.3200000000000003,1.1199999999999999,14.059999999999999,SF,0
686,Michael Finley,2,17.17,1.65,4.94,9.24,SF,2,17.240000000000002,1.54,4.720000000000001,10.82,SF,0
687,Mickaël Piétrus,3,11.06,1.26,0.7,11.78,SF,4,12.559999999999999,1.1,1.0,12.819999999999999,SF,0
688,Mike Miller,2,15.19,1.62,3.38,14.25,SF,0,14.9,1.7,3.22,11.819999999999999,SF,0
689,Mike Mitchell,2,16.33,1.29,3.73,8.44,SF,2,17.240000000000002,1.58,4.720000000000001,9.16,SF,0
690,Mike Sanders,3,12.28,1.02,0.59,13.15,SF,4,14.02,0.9,0.8800000000000001,14.34,SF,0
691,Nicolas Batum,2,15.27,2.21,2.82,14.06,SF,1,15.6,1.6600000000000001,3.2,11.36,SF,0
692,Ollie Johnson,3,12.99,1.02,1.7,7.57,SF,1,12.459999999999999,0.9800000000000001,2.3600000000000003,0.0,SF,0
693,Omri Casspi,3,13.12,0.95,0.99,12.38,SF,4,12.34,1.06,0.78,11.7,SF,0
694,Orlando Woolridge,0,16.86,1.12,3.39,13.34,SF,0,17.080000000000002,1.1800000000000002,3.9,14.14,SF,0
695,P.J. Tucker,0,10.28,2.02,1.5,13.64,SF,1,12.2,1.7399999999999998,1.78,13.98,SF,0
696,Paul George,2,18.36,3.7,3.3,13.46,SF,1,15.88,3.6,2.04,14.719999999999999,SF,0
697,Peja Stojaković,2,17.44,2.08,5.37,8.85,SF,0,17.419999999999998,2.4,4.9399999999999995,9.92,SF,0
698,Phil Hubbard,3,13.33,1.53,1.37,16.44,SF,1,14.459999999999999,1.7600000000000002,1.6,16.72,SF,0
699,Purvis Short,0,17.49,1.29,3.36,11.03,SF,0,17.12,1.3800000000000001,3.0,11.32,SF,0
700,Rashard Lewis,2,16.78,1.73,5.14,11.36,SF,0,14.7,1.8800000000000001,3.7400000000000007,13.34,SF,0
701,Rasual Butler,3,10.6,1.09,0.48,8.79,SF,1,11.080000000000002,1.28,0.22000000000000003,8.98,SF,0
702,Reggie Williams,3,11.79,1.68,0.9,13.09,SF,4,13.040000000000001,1.14,0.68,12.14,SF,0
703,Richard Jefferson,2,15.57,2.8,4.09,12.25,SF,0,16.72,3.5200000000000005,4.38,13.36,SF,0
704,Rick Fox,0,14.23,1.68,1.92,15.81,SF,1,14.84,1.6,1.48,16.32,SF,0
705,Robert Reid,2,13.25,2.07,2.01,11.55,SF,0,14.040000000000001,2.2399999999999998,2.58,13.24,SF,0
706,Rod Higgins,3,13.05,0.83,2.53,10.71,SF,4,11.28,0.76,1.3199999999999998,12.08,SF,0
707,Rodney McCray,2,13.89,2.32,3.29,15.2,SF,2,14.86,2.8600000000000003,4.4399999999999995,14.98,SF,0
708,Rodney Rogers,0,14.67,2.12,1.42,15.46,SF,0,14.319999999999999,1.72,1.16,16.68,SF,0
709,Ron Anderson,3,13.74,1.03,1.38,10.42,SF,4,14.440000000000001,0.96,1.4,12.0,SF,0
710,Ruben Patterson,3,16.19,1.32,2.19,16.22,SF,1,17.14,1.52,2.7199999999999998,14.98,SF,0
711,Rudy Gay,2,16.6,2.41,2.16,12.27,SF,2,15.819999999999999,2.2,1.9600000000000002,12.1,SF,0
712,Ryan Bowen,1,12.28,0.71,0.53,9.59,SF,3,11.82,0.86,0.96,11.7,SF,0
713,Sam Mitchell,0,12.89,1.36,2.42,9.16,SF,2,12.16,1.3599999999999999,2.1399999999999997,9.6,PF,0
714,Scott Wedman,2,14.01,2.09,2.8,7.17,SF,2,14.66,2.2600000000000002,4.16,9.55,SF,0
715,Sean Elliott,2,13.63,2.2,3.01,12.47,SF,2,13.580000000000002,2.3400000000000003,3.5199999999999996,12.26,SF,0
716,Shane Battier,2,13.15,3.02,3.54,10.64,SF,2,14.74,2.7600000000000002,4.0,10.24,SF,0
717,Shawn Marion,2,20.04,4.69,5.25,9.05,SF,2,19.82,4.7,4.86,9.14,SF,0
718,Stephen Jackson,0,14.0,1.71,1.14,15.0,SF,1,13.3,1.8399999999999999,0.8,15.6,SF,0
719,Steve Mix,3,14.96,1.92,2.66,4.53,SF,4,13.14,1.48,1.42,0.0,SF,0
720,Steve Novak,1,13.41,0.32,1.05,4.56,SF,3,13.280000000000001,0.18,0.6199999999999999,3.6399999999999997,SF,0
721,Tayshaun Prince,2,14.65,2.27,3.24,9.45,SF,0,14.4,3.02,3.54,10.879999999999999,SF,0
722,Terry Tyler,0,14.52,2.39,1.58,11.36,SF,0,15.779999999999998,3.18,2.1399999999999997,13.2,SF,0
723,Tim Thomas,0,13.89,1.15,1.84,11.64,SF,1,15.02,1.16,2.2199999999999998,12.64,SF,0
724,Tom Hawkins,0,10.77,1.44,0.96,0.0,SF,1,11.62,1.56,0.76,0.0,SF,0
725,Tom Van Arsdale,2,13.1,1.19,1.79,0.0,SF,0,12.559999999999999,1.48,1.56,0.0,SG,0
726,Tony Campbell,3,13.05,1.1,0.77,13.73,SF,3,11.32,0.68,-0.07999999999999999,16.04,SF,0
727,Tracy Murray,3,13.54,0.82,1.61,9.95,SF,4,13.88,0.86,1.6199999999999999,10.24,SF,0
728,Travis Outlaw,3,13.55,0.94,0.58,9.26,SF,3,15.14,1.0,0.5599999999999999,9.64,PF,0
729,Trevor Ariza,0,14.15,2.33,1.08,13.73,SF,4,14.580000000000002,1.72,1.1199999999999999,14.180000000000001,SF,0
730,Tyrone Corbin,0,13.18,2.29,1.81,12.89,SF,1,12.68,1.9,1.4,13.7,SF,0
731,Wally Szczerbiak,0,15.65,1.36,3.95,10.59,SF,0,16.18,1.4,4.4,10.72,SF,0
732,Walt Williams,0,14.21,1.57,1.56,14.16,SF,0,14.219999999999999,2.04,1.2399999999999998,15.719999999999999,SF,0
733,Willie Naulls,0,15.73,2.02,1.42,0.0,SF,0,17.34,1.4,2.36,0.0,SF,0
734,Wilson Chandler,0,12.99,1.18,1.5,10.82,SF,1,12.379999999999999,1.1,0.96,11.440000000000001,SF,0
735,Xavier McDaniel,2,16.24,2.29,2.43,12.59,SF,2,17.94,2.38,3.5,12.72,SF,0
736,Brandon Knight,0,13.16,0.66,0.64,14.81,PG,3,14.4,1.12,1.1400000000000001,15.820000000000002,PG,1
737,Cameron Payne,2,13.56,1.14,0.45,13.62,PG,1,12.68,0.38,0.11999999999999997,13.719999999999999,PG,1
738,D'Angelo Russell,1,16.76,1.16,1.04,14.37,PG,3,16.36,1.1800000000000002,0.52,15.1,PG,1
739,De'Aaron Fox,1,18.49,1.39,2.17,12.3,PG,3,17.6,1.3599999999999999,1.8,13.86,PG,1
740,Dennis Smith Jr.,2,10.21,0.56,-0.65,15.72,PG,1,10.5,0.8,-1.04,15.719999999999999,PG,1
741,Elfrid Payton,0,12.9,1.5,0.33,17.64,PG,3,15.080000000000002,1.6599999999999997,0.9799999999999999,18.34,PG,1
742,Frank Ntilikina,2,8.25,0.71,-0.19,13.61,PG,1,8.180000000000001,0.74,-0.62,15.02,PG,1
743,Fred VanVleet,1,15.48,2.12,2.55,11.21,PG,0,14.64,1.8399999999999999,2.04,10.98,PG,1
744,Kris Dunn,2,9.0,1.11,-0.3,18.26,PG,1,8.28,1.3,-0.52,17.580000000000002,PG,1
745,Lonzo Ball,1,13.84,1.78,0.65,17.79,PG,0,13.4,1.86,0.4,17.84,PG,1
746,Malcolm Brogdon,1,17.15,1.31,2.71,11.47,PG,3,16.52,1.5,2.8,11.7,PG,1
747,Marcus Smart,1,12.61,2.62,1.12,14.96,PG,3,11.64,2.58,0.66,15.319999999999999,SG,1
748,Markelle Fultz,2,13.44,0.69,0.02,15.0,PG,1,13.38,0.6599999999999999,-1.1102230246251566e-17,14.26,PG,1
749,Monte Morris,0,15.92,1.12,2.8,8.36,PG,0,17.380000000000003,1.04,2.62,8.74,PG,1
750,Raul Neto,2,12.25,0.84,0.58,15.16,PG,1,11.8,0.8,0.33999999999999997,16.740000000000002,PG,1
751,Ryan Arcidiacono,2,8.89,0.49,0.9,14.39,PG,1,8.76,0.45999999999999996,0.82,15.180000000000001,PG,1
752,Spencer Dinwiddie,0,13.51,0.93,2.01,13.64,PG,0,12.8,0.8399999999999999,1.8799999999999997,12.959999999999999,PG,1
753,T.J. McConnell,0,14.71,1.76,1.44,18.84,PG,0,14.12,1.94,1.24,20.3,PG,1
754,Tim Frazier,2,-2.19,0.48,0.29,10.36,PG,1,11.040000000000001,0.74,0.54,21.82,PG,1
755,Trey Burke,2,14.03,0.58,0.78,10.34,PG,0,14.2,0.6799999999999999,1.0,11.6,PG,1
756,Tyler Johnson,2,12.07,1.0,0.99,10.0,PG,0,13.419999999999998,1.6,1.44,11.72,PG,1
757,Tyus Jones,0,14.64,1.15,1.93,10.38,PG,1,13.7,0.82,1.46,13.16,PG,1
758,Aaron Brooks,0,11.87,0.87,0.96,15.33,PG,0,12.14,1.0,1.3,15.639999999999997,PG,0
759,Al Bianchi,0,9.45,1.23,-0.42,0.0,PG,0,9.440000000000001,1.16,-0.26,0.0,PG,0
760,Allen Leavell,1,13.81,1.38,1.6,17.45,PG,3,15.419999999999998,1.6,2.18,18.419999999999998,PG,0
761,Andre Miller,3,17.98,2.18,5.11,16.48,PG,2,18.759999999999998,1.7600000000000002,5.6,16.46,PG,0
762,Anthony Carter,2,9.02,1.36,-0.42,24.42,PG,1,8.28,1.56,-1.0,22.259999999999998,PG,0
763,Anthony Johnson,0,10.95,1.18,0.57,15.92,PG,1,9.64,0.6799999999999999,-0.22000000000000003,16.759999999999998,PG,0
764,Archie Clark,3,15.96,2.04,4.41,0.0,PG,2,15.540000000000001,2.22,5.0200000000000005,0.0,PG,0
765,Avery Johnson,1,13.85,1.58,2.45,18.59,PG,1,12.7,0.9199999999999999,0.86,20.240000000000002,PG,0
766,B.J. Armstrong,1,14.28,1.32,3.16,13.12,PG,3,14.0,1.7399999999999998,3.3200000000000003,12.040000000000001,PG,0
767,Baron Davis,3,17.97,2.62,2.93,14.77,PG,2,17.06,3.22,3.0,15.86,PG,0
768,Beno Udrih,0,13.69,0.96,1.66,15.98,PG,0,13.1,1.02,0.8,15.76,PG,0
769,Bimbo Coles,1,12.49,1.19,1.52,15.86,PG,3,12.98,1.3,1.86,16.54,PG,0
770,Bob Weiss,0,11.97,1.8,1.02,0.0,PG,0,11.36,1.0,0.6,0.0,PG,0
771,Bobby Jackson,0,15.83,1.43,1.3,12.47,PG,0,14.6,1.44,0.8200000000000001,14.440000000000001,PG,0
772,Brad Davis,0,13.27,0.7,3.41,20.51,PG,1,10.76,0.33999999999999997,1.6600000000000001,24.380000000000003,PG,0
773,Brevin Knight,0,14.48,1.71,1.12,21.42,PG,0,14.080000000000002,1.9400000000000002,1.08,22.78,PG,0
774,Brian Shaw,1,9.31,1.54,0.19,22.79,PG,3,12.940000000000001,1.8,1.02,17.56,PG,0
775,C.J. Watson,0,12.53,1.16,1.24,13.9,PG,0,13.02,1.08,1.24,13.52,PG,0
776,Charlie Ward,0,12.28,2.18,1.08,22.24,PG,0,9.959999999999999,2.4,0.54,25.44,PG,0
777,Chauncey Billups,1,17.36,1.91,5.78,13.9,PG,3,14.180000000000001,0.6,2.7399999999999998,15.080000000000002,SG,0
778,Chris Paul,3,25.51,3.38,9.76,12.98,PG,2,25.22,3.46,9.040000000000001,13.26,PG,0
779,Chris Whitney,2,12.3,0.58,1.51,17.62,PG,1,10.72,0.58,0.74,20.080000000000002,PG,0
780,Chucky Atkins,1,12.21,0.86,1.91,13.13,PG,3,12.66,1.44,1.48,13.959999999999999,PG,0
781,Cory Joseph,0,12.08,1.4,1.22,13.37,PG,1,12.6,1.1,1.26,13.3,PG,0
782,D.J. Augustin,1,13.75,1.1,2.4,15.0,PG,3,13.419999999999998,1.16,2.3400000000000003,14.680000000000001,PG,0
783,Damian Lillard,3,22.19,1.54,7.85,11.75,PG,2,20.4,1.7399999999999998,7.340000000000001,12.28,PG,0
784,Damon Jones,0,12.3,0.78,2.02,12.16,PG,1,12.5,0.45999999999999996,0.86,13.459999999999999,PG,0
785,Damon Stoudamire,3,15.63,1.56,3.7,14.59,PG,2,16.36,1.5,3.7399999999999998,15.16,PG,0
786,Dana Barros,1,16.44,0.93,3.52,13.35,PG,0,15.52,0.8,2.42,12.4,PG,0
787,Danny Young,2,11.13,0.93,1.06,15.99,PG,1,10.42,0.9200000000000002,1.42,16.119999999999997,PG,0
788,Darrell Armstrong,1,21.02,1.88,2.67,16.9,PG,1,25.04,1.04,1.16,17.34,PG,0
789,Darrell Walker,1,12.34,2.28,0.41,20.18,PG,3,14.2,2.2,0.15999999999999998,18.16,PG,0
790,Darren Collison,1,16.24,1.55,3.44,14.89,PG,3,15.64,1.7,2.82,16.6,PG,0
791,Darrick Martin,2,9.38,0.24,0.68,13.72,PG,0,12.559999999999999,0.27999999999999997,1.1800000000000002,17.28,PG,0
792,David Wesley,3,14.97,1.88,3.08,15.43,PG,3,15.219999999999999,1.4,2.9,18.18,PG,0
793,Dee Brown,1,14.0,1.25,2.1,12.51,PG,3,15.02,1.8800000000000001,2.94,13.24,PG,0
794,Derek Fisher,1,12.52,1.54,1.85,13.97,PG,0,11.92,1.28,0.9800000000000001,16.8,PG,0
795,Derek Harper,3,17.27,2.06,4.24,13.4,PG,2,16.52,2.2399999999999998,4.0,14.36,PG,0
796,Deron Williams,3,18.7,1.65,5.47,16.01,PG,2,18.4,2.08,5.92,16.479999999999997,PG,0
797,Derrick Rose,1,16.79,1.45,2.28,12.82,PG,3,18.16,2.2399999999999998,3.7399999999999998,13.559999999999999,PG,0
798,Devin Harris,1,16.58,1.44,2.76,15.72,PG,3,17.44,1.9,3.3200000000000003,15.64,PG,0
799,Doc Rivers,1,17.09,2.83,3.43,16.04,PG,3,18.139999999999997,2.98,3.6799999999999997,18.28,PG,0
800,Doug Overton,2,9.11,0.19,0.08,17.91,PG,1,10.98,0.3,0.27999999999999997,16.6,PG,0
801,Earl Boykins,2,15.32,0.4,1.9,13.38,PG,1,15.6,0.019999999999999997,1.1,14.52,PG,0
802,Earl Watson,1,12.54,1.31,0.58,20.58,PG,0,13.34,1.34,0.78,19.619999999999997,PG,0
803,Eddie House,0,13.22,1.26,0.53,9.85,PG,1,12.620000000000001,0.8800000000000001,0.020000000000000018,10.8,PG,0
804,Elliot Perry,2,13.5,0.71,0.66,22.47,PG,0,13.719999999999999,1.04,1.22,21.419999999999998,PG,0
805,Ennis Whatley,2,11.72,0.72,0.22,23.11,PG,1,12.16,1.0,0.2,25.2,PG,0
806,Eric Bledsoe,1,17.46,2.09,2.16,18.11,PG,0,15.5,1.86,1.22,20.9,PG,0
807,Eric Snow,1,12.73,2.04,1.83,19.7,PG,0,12.120000000000001,1.7600000000000002,0.96,21.36,PG,0
808,Fat Lever,3,17.32,2.96,2.88,13.68,PG,2,16.759999999999998,3.08,2.6399999999999997,14.36,PG,0
809,Foots Walker,0,13.27,1.84,1.28,15.31,PG,0,14.940000000000001,1.9600000000000002,1.16,19.6,PG,0
810,Frank Johnson,0,12.57,1.39,0.34,17.31,PG,0,13.440000000000001,1.8800000000000001,0.4600000000000001,15.9,PG,0
811,Gary Grant,0,13.42,1.4,-0.2,21.09,PG,3,13.319999999999999,2.06,-0.62,23.54,PG,0
812,Gene Shue,3,12.85,1.56,2.36,0.0,PG,3,13.1,1.52,2.06,0.0,PG,0
813,George Hill,1,15.39,2.3,3.42,11.56,PG,3,14.64,2.3600000000000003,3.4,11.66,PG,0
814,Gerald Henderson,1,13.18,1.69,1.33,17.64,PG,0,12.62,1.9200000000000004,0.9,17.7,PG,0
815,Gilbert Arenas,1,18.73,1.28,3.82,14.1,PG,2,19.34,1.56,5.84,15.440000000000001,PG,0
816,Goran Dragić,1,16.4,1.57,3.37,16.56,PG,0,14.66,1.02,1.92,19.04,PG,0
817,Greg Anthony,0,14.59,1.93,1.54,16.24,PG,0,14.180000000000001,2.56,1.44,16.02,PG,0
818,Gus Williams,3,18.45,3.29,3.49,9.37,PG,3,18.2,3.2600000000000002,3.78,11.066666666666668,PG,0
819,Howard Eisley,0,11.0,1.03,0.89,20.14,PG,1,10.36,0.86,0.3,23.52,PG,0
820,Howard Komives,1,10.4,0.88,-0.37,0.0,PG,3,11.379999999999999,1.1199999999999999,-0.14000000000000004,0.0,PG,0
821,Isaiah Thomas,0,15.78,0.67,3.83,13.93,PG,3,19.54,0.96,5.6,13.180000000000001,PG,0
822,Ish Smith,0,12.75,0.98,0.29,13.79,PG,1,11.36,0.52,-0.44000000000000006,15.540000000000001,PG,0
823,J.J. Barea,0,13.34,0.79,0.97,14.81,PG,1,12.459999999999999,0.86,0.8,15.14,PG,0
824,Jacque Vaughn,0,10.11,0.86,0.5,19.93,PG,1,11.059999999999999,0.64,0.6599999999999999,22.7,PG,0
825,Jamaal Tinsley,0,13.12,1.77,-0.04,23.13,PG,0,14.780000000000001,2.4,0.23999999999999994,21.759999999999998,PG,0
826,Jameer Nelson,1,15.78,1.82,2.48,15.97,PG,3,16.8,1.8800000000000001,2.7199999999999998,15.26,PG,0
827,Jannero Pargo,2,10.08,0.68,-0.21,15.78,PG,1,9.459999999999999,0.64,-0.24000000000000005,16.380000000000003,PG,0
828,Jarrett Jack,1,14.33,1.15,2.3,16.18,PG,0,13.84,0.9200000000000002,2.66,17.66,SG,0
829,Jason Terry,3,17.76,1.97,5.48,12.91,PG,2,16.96,1.5,4.4,15.14,PG,0
830,Jason Williams,1,14.44,1.6,1.77,16.24,PG,3,13.88,1.7,0.86,18.1,PG,0
831,Jay Humphries,3,13.85,1.94,2.62,15.83,PG,3,13.36,1.94,2.0,18.04,PG,0
832,Jeff McInnis,0,12.14,0.55,1.79,14.08,PG,0,13.4,0.42000000000000004,2.16,13.940000000000001,PG,0
833,Jeff Teague,1,16.48,1.96,2.86,16.35,PG,3,15.060000000000002,1.9,2.0,16.22,PG,0
834,Jerry Sichting,0,10.79,0.8,1.29,15.22,PG,0,11.559999999999999,0.9,1.64,16.3,PG,0
835,Jerryd Bayless,0,11.95,0.97,0.92,15.68,PG,0,13.559999999999999,0.9800000000000001,1.1800000000000002,15.98,PG,0
836,Jim King,0,11.63,1.19,0.57,0.0,PG,0,12.16,1.44,0.9600000000000002,0.0,PG,0
837,John Bagley,1,11.7,1.37,0.28,22.75,PG,3,13.559999999999999,1.7399999999999998,0.41999999999999993,20.080000000000002,PG,0
838,John Crotty,2,14.84,0.4,0.73,19.12,PG,1,14.040000000000001,0.5599999999999999,0.8400000000000001,21.740000000000002,PG,0
839,John Lucas,1,15.77,1.45,2.8,16.47,PG,2,15.040000000000001,1.58,3.44,18.475,PG,0
840,John Paxson,1,11.98,1.01,2.57,12.07,PG,0,12.18,0.8,2.2800000000000002,13.76,PG,0
841,John Wall,3,18.92,2.37,2.05,16.96,PG,2,18.740000000000002,2.84,2.3600000000000003,17.619999999999997,PG,0
842,Johnny Davis,1,14.32,1.37,2.52,12.53,PG,2,13.680000000000001,1.5,2.94,13.775,PG,0
843,Johnny Egan,0,12.08,0.93,1.41,0.0,PG,0,13.1,0.74,1.9,0.0,PG,0
844,Jordan Farmar,2,13.24,0.78,0.6,16.48,PG,0,12.5,1.3599999999999999,0.68,15.5,PG,0
845,José Calderón,1,16.46,0.84,4.33,16.35,PG,3,17.259999999999998,1.0,4.68,16.66,PG,0
846,Jrue Holiday,1,16.9,2.09,1.82,15.92,PG,3,15.24,2.2399999999999998,0.9400000000000001,17.4,PG,0
847,Kemba Walker,3,19.02,2.03,3.73,10.56,PG,2,17.78,2.2199999999999998,2.68,10.9,PG,0
848,Kenny Anderson,1,16.57,2.0,3.38,14.33,PG,3,17.02,2.08,3.3,14.48,PG,0
849,Kenny Smith,1,14.89,1.39,3.24,16.07,PG,2,14.84,1.48,3.1399999999999997,17.18,PG,0
850,Kevin Johnson,3,20.78,2.1,6.8,16.61,PG,2,20.48,2.84,7.26,16.919999999999998,PG,0
851,Kevin Ollie,2,9.69,0.54,0.69,16.79,PG,1,9.620000000000001,0.5,0.38,18.04,PG,0
852,Kevin Porter,1,14.58,1.64,1.96,12.3,PG,3,15.040000000000001,1.7399999999999998,1.6800000000000002,0.0,PG,0
853,Keyon Dooling,0,11.27,0.69,0.79,14.04,PG,1,9.940000000000001,0.45999999999999996,0.26,14.86,PG,0
854,Kirk Hinrich,3,13.18,2.56,2.14,15.05,PG,2,14.8,3.3600000000000003,3.1399999999999997,14.76,PG,0
855,Kyle Lowry,1,17.69,1.92,4.06,15.87,PG,0,15.8,1.3,2.46,16.66,PG,0
856,Kyrie Irving,1,22.72,1.7,5.16,11.72,PG,3,20.86,1.5,4.76,13.040000000000001,PG,0
857,Larry Drew,1,13.29,1.22,1.24,17.87,PG,3,14.780000000000001,1.6199999999999999,2.06,17.3,PG,0
858,Lester Conner,0,13.65,1.44,1.38,18.27,PG,0,13.719999999999999,1.1800000000000002,1.34,16.74,PG,0
859,Lindsey Hunter,1,12.14,1.77,1.1,12.35,PG,3,11.9,2.04,0.6,12.8,PG,0
860,Lionel Hollins,1,12.66,2.09,0.19,15.5,PG,3,13.74,2.48,0.20000000000000004,17.233333333333334,PG,0
861,Lou Williams,0,16.39,1.21,2.44,12.35,PG,0,14.959999999999999,1.04,1.72,14.26,PG,0
862,Lucius Allen,1,14.68,1.94,2.27,3.24,PG,3,15.319999999999999,2.44,3.04,0.0,PG,0
863,Luke Ridnour,1,14.09,1.05,2.47,15.34,PG,3,13.74,0.52,2.2600000000000002,16.24,PG,0
864,Mark Jackson,3,16.13,2.54,3.51,20.67,PG,2,16.86,2.7600000000000002,3.34,18.9,PG,0
865,Mark Price,1,19.07,1.75,4.78,15.68,PG,3,18.46,1.94,4.52,16.68,PG,0
866,Michael Adams,1,15.77,1.51,3.09,14.18,PG,3,14.16,2.04,3.04,13.9,PG,0
867,Micheal Williams,2,9.56,0.87,1.87,22.8,PG,0,11.62,1.4,2.9799999999999995,21.9,PG,0
868,Mike Bibby,3,16.77,1.53,4.14,14.1,PG,2,16.160000000000004,1.46,3.3600000000000003,15.459999999999999,PG,0
869,Mike Conley,3,17.3,2.34,3.94,13.57,PG,3,14.7,1.94,2.58,14.84,PG,0
870,Mike Dunleavy,2,14.57,0.48,1.1,16.34,PG,1,14.419999999999998,0.44000000000000006,1.14,21.65,PG,0
871,Mike James,0,11.89,0.77,1.46,14.9,PG,3,14.4,1.08,2.7,15.12,PG,0
872,Mo Williams,1,14.84,1.23,2.26,15.23,PG,3,14.36,0.78,1.7399999999999998,15.38,PG,0
873,Mookie Blaylock,3,16.78,3.56,2.97,14.51,PG,2,15.3,2.94,1.86,14.680000000000001,PG,0
874,Muggsy Bogues,1,14.82,1.66,3.06,18.35,PG,3,14.86,1.7399999999999998,2.5,18.259999999999998,PG,0
875,Nate McMillan,1,14.39,2.93,1.76,24.47,PG,3,14.559999999999999,2.5200000000000005,2.02,26.9,PG,0
876,Nate Robinson,0,14.97,0.92,1.84,12.41,PG,0,15.66,0.86,2.3400000000000003,11.879999999999999,PG,0
877,Nick Van Exel,3,16.42,0.95,4.2,12.75,PG,2,15.919999999999998,1.4600000000000002,4.5,13.219999999999999,PG,0
878,Norm Nixon,3,14.99,1.65,3.11,17.26,PG,2,15.6,2.6,3.9799999999999995,17.02,PG,0
879,Norm Van Lier,3,13.78,3.4,1.38,5.86,PG,2,14.64,4.14,1.6,0.0,PG,0
880,Patrick Beverley,0,12.86,1.49,1.96,13.98,PG,0,13.02,1.58,2.3600000000000003,13.76,PG,0
881,Patty Mills,0,14.7,1.27,1.48,12.29,PG,1,15.839999999999998,0.74,0.9800000000000001,13.14,PG,0
882,Pooh Richardson,1,13.9,1.01,1.64,14.75,PG,2,15.819999999999999,1.42,2.5,14.680000000000001,PG,0
883,Quinn Buckner,1,12.58,2.33,0.11,19.95,PG,3,14.62,2.68,0.6,21.05,PG,0
884,Rafer Alston,1,12.74,2.14,1.19,16.11,PG,1,11.68,0.8,0.7,18.1,PG,0
885,Rajon Rondo,1,16.5,3.31,1.82,21.34,PG,2,16.740000000000002,4.42,2.7399999999999998,19.8,PG,0
886,Ramon Sessions,0,15.55,0.81,2.04,15.36,PG,0,16.48,0.8600000000000001,2.2399999999999998,17.02,PG,0
887,Randy Brown,0,10.63,1.38,-0.28,17.19,PG,1,11.02,1.28,-0.13999999999999999,17.66,PG,0
888,Randy Livingston,2,9.2,0.32,-0.08,16.66,PG,1,9.68,0.5800000000000001,-0.22000000000000003,17.380000000000003,PG,0
889,Ray Williams,1,15.42,2.12,1.47,18.46,PG,2,18.36,2.7,2.92,16.72,PG,0
890,Raymond Felton,3,14.09,1.88,1.4,16.0,PG,2,14.080000000000002,2.6,1.22,15.9,PG,0
891,Reggie Jackson,0,14.95,1.39,1.92,13.49,PG,0,15.12,1.6,2.2600000000000002,14.66,PG,0
892,Rickey Green,1,14.75,1.87,2.29,16.1,PG,0,13.540000000000001,1.26,1.6,16.580000000000002,PG,0
893,Ricky Rubio,1,15.52,2.19,1.85,19.71,PG,3,15.8,2.06,1.36,21.36,PG,0
894,Robert Pack,2,14.86,0.96,0.39,21.6,PG,0,15.62,1.4,0.74,21.4,PG,0
895,Rod Strickland,3,18.46,2.92,3.89,16.86,PG,3,16.96,2.68,2.58,17.1,PG,0
896,Rodney Stuckey,1,14.47,1.17,1.71,13.18,PG,3,16.04,1.28,2.34,13.319999999999999,PG,0
897,Ronnie Price,2,9.06,0.53,-0.29,18.22,PG,1,10.42,0.6,-0.1,15.76,PG,0
898,Rory Sparrow,1,11.41,1.64,0.94,17.44,PG,3,12.22,2.02,1.64,18.38,PG,0
899,Russell Westbrook,3,24.01,3.34,5.66,15.7,PG,2,20.68,2.96,4.42,15.5,PG,0
900,Sam Cassell,1,19.31,1.23,4.71,15.49,PG,3,17.04,1.56,3.0,17.16,PG,0
901,Scott Brooks,2,14.38,0.76,1.57,14.19,PG,0,15.040000000000001,0.82,2.1399999999999997,12.32,PG,0
902,Scott Skiles,1,12.66,0.82,2.23,20.77,PG,0,11.84,0.64,1.44,21.28,PG,0
903,Sebastian Telfair,0,10.88,0.5,0.0,16.35,PG,0,10.5,0.6,-0.16,16.54,PG,0
904,Sedale Threatt,1,13.98,1.43,2.13,13.64,PG,0,11.5,1.1800000000000002,0.54,14.540000000000001,PG,0
905,Shaun Livingston,0,12.63,1.1,0.79,17.95,PG,1,12.120000000000001,0.9400000000000001,0.13999999999999999,18.919999999999998,PG,0
906,Sherman Douglas,1,14.87,0.89,2.23,18.34,PG,3,15.080000000000002,1.1800000000000002,1.86,19.0,PG,0
907,Sleepy Floyd,3,15.82,1.87,3.13,16.07,PG,2,16.8,1.3800000000000001,4.0600000000000005,16.04,PG,0
908,Spud Webb,1,15.31,1.37,2.37,18.99,PG,0,15.62,1.24,1.52,21.6,PG,0
909,Stephen Curry,3,23.9,2.66,7.63,14.48,PG,2,20.46,2.02,5.58,15.940000000000001,PG,0
910,Stephon Marbury,3,19.35,1.25,5.83,14.23,PG,2,19.32,1.0,4.9,14.559999999999999,PG,0
911,Steve Blake,1,10.94,0.93,1.47,17.63,PG,0,11.14,0.62,1.3199999999999998,17.32,PG,0
912,Steve Kerr,0,13.12,1.2,2.73,10.59,PG,1,12.059999999999999,0.54,1.04,13.2,PG,0
913,Terrell Brandon,1,19.04,2.49,3.73,13.41,PG,3,17.68,2.3,2.9,14.12,PG,0
914,Terry Porter,3,17.37,2.67,5.24,16.33,PG,2,17.36,2.7199999999999998,5.220000000000001,18.26,PG,0
915,Tony Delk,0,13.83,1.06,0.89,10.72,PG,0,13.280000000000001,1.1800000000000002,0.52,12.6,PG,0
916,Tony Parker,3,18.43,3.22,4.16,14.37,PG,2,16.54,3.62,3.7,15.419999999999998,PG,0
917,Travis Best,0,13.32,1.42,1.67,15.62,PG,0,13.8,1.42,1.64,17.64,PG,0
918,Troy Hudson,0,13.31,0.4,0.67,14.22,PG,1,14.059999999999999,0.26,0.32,14.84,PG,0
919,Tyronn Lue,0,12.52,0.23,1.68,13.55,PG,1,11.4,0.42000000000000004,0.9400000000000001,14.780000000000001,PG,0
920,Vern Fleming,3,15.09,1.67,3.18,16.48,PG,2,15.440000000000001,2.4,3.8200000000000003,16.18,PG,0
921,Wali Jones,0,10.89,1.36,0.14,0.0,PG,3,10.74,1.8799999999999997,0.18,0.0,PG,0
922,Walt Hazzard,1,13.84,1.11,1.79,0.0,PG,3,14.0,1.48,1.48,0.0,PG,0
